Date,Open,High,Low,Close,Volume,Adj Close
2016-12-16,84.620003,84.639999,83.110001,83.580002,2055800,83.580002
2016-12-15,83.32,85.099998,83.129997,83.940002,2447500,83.940002
2016-12-14,84.690002,85.650002,82.410004,83.089996,3485500,83.089996
2016-12-13,84.269997,85.730003,84.25,85.029999,2469300,85.029999
2016-12-12,83.620003,84.220001,82.900002,83.440002,1858300,83.440002
2016-12-09,82.540001,83.709999,82.480003,83.669998,2160200,83.669998
2016-12-08,81.589996,82.830002,81.269997,82.199997,2024400,82.199997
2016-12-07,78.379997,81.709999,78.209999,81.580002,3035800,81.580002
2016-12-06,78.059998,78.599998,77.470001,78.580002,1802100,78.580002
2016-12-05,77.449997,78.239998,77.230003,77.720001,2034500,77.720001
2016-12-02,76.440002,77.040001,76.019997,76.43,1510200,76.43
2016-12-01,77.540001,77.559998,75.900002,76.290001,2122500,76.290001
2016-11-30,78.550003,78.75,77.129997,77.18,2199000,77.18
2016-11-29,77.379997,78.330002,76.989998,77.800003,1428700,77.800003
2016-11-28,78.050003,78.389999,77.199997,77.360001,1675700,77.360001
2016-11-25,78.00,78.470001,77.900002,78.470001,701600,78.470001
2016-11-23,76.82,77.639999,76.580002,77.580002,1638300,77.580002
2016-11-22,77.419998,77.68,76.57,77.440002,1917100,77.440002
2016-11-21,76.00,77.040001,75.849998,76.989998,2300700,76.989998
2016-11-18,75.889999,76.099998,75.089996,75.300003,1894600,75.300003
2016-11-17,74.839996,75.889999,74.730003,75.800003,1869900,75.800003
2016-11-16,74.349998,74.949997,74.220001,74.709999,1726900,74.709999
2016-11-15,73.870003,75.089996,73.599998,75.089996,2302000,75.089996
2016-11-14,73.849998,74.089996,72.529999,73.379997,2301900,73.379997
2016-11-11,72.940002,73.510002,72.110001,73.239998,3038600,73.239998
2016-11-10,74.18,75.150002,72.019997,73.730003,4904700,73.730003
2016-11-09,69.129997,73.900002,69.099998,73.279999,5968800,73.279999
2016-11-08,69.540001,71.599998,69.25,70.870003,2702300,70.870003
2016-11-07,68.43,70.040001,68.269997,69.919998,2870400,69.919998
2016-11-04,66.00,66.940002,65.510002,65.599998,2700600,65.599998
2016-11-03,67.059998,67.279999,65.599998,65.910004,2342700,65.910004
2016-11-02,67.699997,68.129997,66.330002,66.800003,2444700,66.800003
2016-11-01,69.93,69.989998,66.690002,68.099998,3205300,68.099998
2016-10-31,69.940002,70.199997,69.389999,69.50,1599700,69.50
2016-10-28,70.139999,70.949997,68.790001,69.550003,3703300,69.550003
2016-10-27,71.620003,71.629997,70.129997,70.230003,2313600,70.230003
2016-10-26,70.279999,71.440002,69.980003,70.830002,2135100,70.830002
2016-10-25,71.75,72.019997,71.029999,71.279999,2385100,71.279999
2016-10-24,72.00,72.360001,71.550003,71.889999,1717300,71.889999
2016-10-21,70.029999,71.139999,69.849998,70.989998,1699300,70.989998
2016-10-20,70.940002,71.589996,70.18,70.949997,2285100,70.949997
2016-10-19,71.059998,71.699997,70.68,71.339996,1547000,71.339996
2016-10-18,71.32,71.349998,70.360001,70.75,1734200,70.75
2016-10-17,70.209999,70.50,69.290001,69.559998,2247700,69.559998
2016-10-14,71.330002,71.790001,70.160004,70.239998,3427700,70.239998
2016-10-13,69.32,70.720001,68.339996,70.169998,3034900,70.169998
2016-10-12,70.730003,71.449997,70.139999,70.889999,2469600,70.889999
2016-10-11,72.809998,72.910004,69.709999,70.629997,4520700,70.629997
2016-10-10,73.32,73.879997,73.160004,73.300003,1604200,73.300003
2016-10-07,73.290001,73.50,71.349998,72.209999,2930500,72.209999
2016-10-06,72.559998,73.220001,71.919998,73.00,1424000,73.00
2016-10-05,72.580002,73.32,72.540001,72.879997,2264300,72.879997
2016-10-04,73.190002,73.400002,71.209999,71.93,3087900,71.93
2016-10-03,73.019997,73.269997,72.269997,72.940002,2317900,72.940002
2016-09-30,72.93,74.360001,72.610001,73.639999,2102500,73.639999
2016-09-29,73.699997,74.169998,71.300003,71.949997,3124500,71.949997
2016-09-28,73.120003,74.120003,72.00,73.949997,1819000,73.949997
2016-09-27,71.360001,72.980003,70.900002,72.900002,1774700,72.900002
2016-09-26,72.339996,72.550003,71.32,71.550003,2916100,71.550003
2016-09-23,74.080002,74.25,73.230003,73.360001,1479100,73.360001
2016-09-22,74.370003,74.910004,74.089996,74.519997,3102100,74.519997
2016-09-21,71.599998,73.389999,70.830002,73.199997,3517800,73.199997
2016-09-20,71.82,71.989998,70.800003,70.860001,1708200,70.847
2016-09-19,71.529999,72.290001,70.449997,70.769997,2034900,70.757013
2016-09-16,70.889999,71.099998,69.970001,70.790001,2673600,70.777014
2016-09-15,69.339996,72.050003,69.139999,71.599998,2984600,71.586863
2016-09-14,69.650002,71.050003,68.910004,69.489998,3429800,69.477249
2016-09-13,71.260002,71.550003,68.900002,69.589996,4921900,69.577229
2016-09-12,68.889999,73.25,68.800003,72.739998,4400100,72.726653
2016-09-09,73.699997,73.699997,69.769997,69.830002,5210100,69.817191
2016-09-08,75.330002,75.650002,74.839996,75.190002,2002300,75.176208
2016-09-07,75.559998,75.949997,75.00,75.760002,2455700,75.746103
2016-09-06,75.400002,75.809998,74.559998,75.779999,2661800,75.766096
2016-09-02,75.059998,75.599998,74.400002,75.059998,2509900,75.046227
2016-09-01,74.110001,74.43,72.690002,74.110001,2218900,74.096404
2016-08-31,74.330002,74.449997,73.160004,74.050003,2687800,74.036418
2016-08-30,74.989998,75.339996,74.07,74.68,2241700,74.666299
2016-08-29,74.160004,75.410004,74.139999,75.080002,1307200,75.066227
2016-08-26,74.660004,75.879997,72.959999,74.019997,3683700,74.006417
2016-08-25,74.129997,74.940002,73.940002,74.370003,2627200,74.356359
2016-08-24,75.580002,75.709999,74.099998,74.68,2695100,74.666299
2016-08-23,76.059998,76.43,75.699997,75.75,1840400,75.736103
2016-08-22,75.059998,75.589996,74.599998,75.32,1655800,75.306181
2016-08-19,75.089996,75.559998,74.510002,75.339996,1459800,75.326174
2016-08-18,75.160004,75.730003,75.010002,75.690002,1399500,75.676116
2016-08-17,74.790001,75.330002,73.790001,75.160004,2660500,75.146215
2016-08-16,75.400002,75.489998,74.760002,74.760002,1641600,74.746286
2016-08-15,75.730003,76.360001,75.720001,76.010002,1566200,75.996057
2016-08-12,75.089996,75.559998,74.82,75.309998,1447100,75.296181
2016-08-11,75.120003,75.800003,74.779999,75.529999,1712700,75.516142
2016-08-10,75.160004,75.239998,74.040001,74.459999,1466800,74.446338
2016-08-09,75.010002,75.620003,74.629997,75.00,1541000,74.98624
2016-08-08,75.300003,75.400002,74.589996,74.919998,1147400,74.906253
2016-08-05,74.059998,75.080002,73.910004,75.07,1731800,75.056227
2016-08-04,73.150002,73.610001,72.660004,73.279999,1316900,73.266555
2016-08-03,72.260002,73.080002,71.959999,73.019997,2366800,73.0066
2016-08-02,73.489998,73.699997,71.389999,72.370003,3468800,72.356726
2016-08-01,74.080002,74.540001,73.269997,73.790001,2075000,73.776463
2016-07-29,73.389999,74.43,73.019997,73.970001,1851400,73.95643
2016-07-28,73.18,74.00,72.639999,73.699997,1757000,73.686476
2016-07-27,74.120003,74.169998,72.510002,73.459999,2187300,73.446522
2016-07-26,73.449997,74.07,72.660004,73.639999,1766000,73.626489
2016-07-25,73.919998,73.959999,72.849998,73.610001,2013000,73.596496
2016-07-22,73.339996,74.209999,73.010002,74.169998,1629900,74.156391
2016-07-21,73.860001,74.150002,72.650002,73.18,1919700,73.166574
2016-07-20,73.68,74.300003,73.160004,74.040001,1402200,74.026417
2016-07-19,72.82,73.160004,72.559998,73.099998,1933100,73.086587
2016-07-18,72.93,73.540001,72.610001,73.360001,1270100,73.346542
2016-07-15,73.699997,73.739998,72.239998,72.769997,2060400,72.756646
2016-07-14,73.349998,73.610001,72.589996,72.989998,2739800,72.976607
2016-07-13,72.389999,72.410004,71.290001,71.879997,2139700,71.86681
2016-07-12,71.489998,72.239998,71.209999,71.870003,2276000,71.856817
2016-07-11,70.18,71.019997,69.93,70.330002,2632000,70.317099
2016-07-08,68.110001,69.900002,67.870003,69.580002,3086400,69.567236
2016-07-07,67.010002,67.730003,65.82,66.629997,3045500,66.617773
2016-07-06,65.050003,66.93,64.330002,66.769997,3090200,66.757747
2016-07-05,66.129997,66.239998,64.949997,65.669998,2615000,65.65795
2016-07-01,66.519997,67.610001,66.510002,67.029999,2670500,67.017701
2016-06-30,64.50,66.699997,63.919998,66.559998,4361300,66.547786
2016-06-29,62.380001,64.260002,62.299999,64.07,3750500,64.058245
2016-06-28,59.490002,60.93,59.139999,60.880001,4060600,60.868832
2016-06-27,59.630001,59.630001,57.00,57.75,4267100,57.739405
2016-06-24,61.41,64.68,60.630001,61.049999,5957400,61.038799
2016-06-23,67.459999,68.50,67.019997,68.489998,2366200,68.477432
2016-06-22,66.239998,67.230003,65.760002,65.879997,1836100,65.867911
2016-06-21,66.199997,66.779999,65.709999,66.330002,1408300,66.234847
2016-06-20,66.699997,67.419998,65.68,65.779999,2455500,65.685633
2016-06-17,65.190002,65.190002,63.810001,64.540001,2812900,64.447414
2016-06-16,63.68,65.449997,62.650002,65.279999,3113800,65.18635
2016-06-15,65.410004,66.07,64.480003,64.690002,3300400,64.5972
2016-06-14,64.959999,65.620003,63.919998,65.040001,3546800,64.946697
2016-06-13,66.18,67.190002,65.269997,65.400002,2374400,65.306181
2016-06-10,67.25,67.669998,66.309998,66.889999,2670500,66.794041
2016-06-09,68.32,69.029999,68.029999,68.870003,1445200,68.771204
2016-06-08,68.639999,69.309998,68.519997,69.129997,1145800,69.030826
2016-06-07,68.360001,69.129997,68.339996,68.449997,1259500,68.351801
2016-06-06,67.580002,68.57,67.400002,68.199997,1607900,68.10216
2016-06-03,67.120003,67.559998,65.790001,67.209999,2651900,67.113582
2016-06-02,66.709999,67.800003,66.169998,67.800003,1113000,67.70274
2016-06-01,66.059998,67.360001,65.849998,67.150002,1188700,67.053671
2016-05-31,67.470001,67.580002,66.129997,66.779999,1625400,66.684199
2016-05-27,66.470001,67.120003,66.43,67.099998,1063300,67.003739
2016-05-26,66.419998,66.650002,65.959999,66.290001,1124100,66.194904
2016-05-25,65.660004,66.690002,65.610001,66.220001,2069800,66.125004
2016-05-24,63.380001,65.260002,63.34,64.919998,2561000,64.826866
2016-05-23,62.759998,63.07,62.279999,62.450001,1497400,62.360412
2016-05-20,62.290001,63.299999,62.189999,62.759998,1946900,62.669965
2016-05-19,61.470001,61.900002,60.299999,61.639999,3186300,61.551573
2016-05-18,61.810001,63.490002,61.09,62.299999,3025300,62.210626
2016-05-17,63.700001,63.98,61.619999,62.220001,2627400,62.130743
2016-05-16,62.330002,64.50,62.279999,63.959999,2321600,63.868244
2016-05-13,63.52,64.089996,61.810001,62.119999,2421600,62.030884
2016-05-12,64.559998,64.68,62.73,63.810001,2728400,63.718462
2016-05-11,65.099998,65.50,63.779999,63.82,2528900,63.728446
2016-05-10,64.00,65.639999,63.959999,65.620003,1758200,65.525867
2016-05-09,62.919998,63.73,62.790001,63.330002,2234700,63.239151
2016-05-06,61.630001,63.16,61.450001,63.09,2518600,62.999493
2016-05-05,62.98,63.369999,61.98,62.48,2572800,62.390368
2016-05-04,62.450001,63.259998,61.939999,62.43,2763900,62.34044
2016-05-03,63.889999,64.139999,62.73,63.549999,2774200,63.458833
2016-05-02,64.330002,65.459999,63.84,65.230003,1898400,65.136427
2016-04-29,64.099998,64.50,62.540001,63.810001,3727300,63.718462
2016-04-28,65.769997,67.00,64.339996,64.879997,2533000,64.786923
2016-04-27,65.790001,67.059998,65.389999,66.639999,2026200,66.5444
2016-04-26,66.300003,66.769997,65.68,66.290001,1567400,66.194904
2016-04-25,65.620003,65.940002,64.919998,65.93,2063700,65.835419
2016-04-22,65.879997,66.559998,65.260002,66.32,1835700,66.224859
2016-04-21,67.360001,67.50,65.970001,66.279999,2063500,66.184916
2016-04-20,67.230003,68.139999,66.690002,67.339996,1360700,67.243393
2016-04-19,67.019997,67.449997,66.260002,67.18,1974600,67.083626
2016-04-18,64.540001,66.580002,64.440002,66.550003,1821200,66.454533
2016-04-15,65.389999,65.519997,64.800003,65.120003,1070800,65.026584
2016-04-14,65.480003,65.959999,65.019997,65.419998,1476800,65.326149
2016-04-13,64.410004,65.480003,64.330002,65.370003,2783800,65.276225
2016-04-12,61.959999,63.77,61.48,63.509998,3436300,63.418889
2016-04-11,62.93,63.610001,61.66,61.73,3719800,61.641444
2016-04-08,62.950001,63.41,61.630001,62.209999,2708400,62.120755
2016-04-07,62.779999,63.18,60.91,61.720001,4233600,61.63146
2016-04-06,62.099998,64.059998,61.799999,63.950001,3001600,63.85826
2016-04-05,62.50,62.950001,61.709999,62.02,3144900,61.931029
2016-04-04,64.50,64.639999,63.560001,63.889999,1973400,63.798345
2016-04-01,62.119999,64.720001,61.830002,64.480003,2215800,64.387503
2016-03-31,63.639999,64.07,63.049999,63.299999,1709900,63.209191
2016-03-30,63.93,64.480003,63.330002,63.73,2222300,63.638575
2016-03-29,60.73,62.98,60.43,62.98,2687100,62.889651
2016-03-28,61.549999,61.740002,60.73,61.240002,1784500,61.152149
2016-03-24,60.02,61.119999,59.84,61.09,2676800,61.002363
2016-03-23,62.00,62.18,60.98,61.240002,2288900,61.152149
2016-03-22,61.68,63.02,61.52,62.470001,2649000,62.380384
2016-03-21,61.959999,62.759998,61.75,62.529999,1960500,62.440295
2016-03-18,62.00,62.619999,61.75,62.299999,2473000,62.210626
2016-03-17,60.310001,62.07,59.880001,61.580002,3269500,61.491661
2016-03-16,58.82,60.799999,58.810001,60.459999,3472400,60.373265
2016-03-15,58.66,59.389999,58.380001,59.389999,4183800,59.304801
2016-03-14,59.330002,60.130001,59.009998,59.66,1979600,59.574414
2016-03-11,58.560001,59.93,58.490002,59.880001,3690100,59.794099
2016-03-10,57.470001,58.43,55.27,57.09,5626000,57.008101
2016-03-09,57.00,57.32,56.169998,56.990002,3131800,56.908246
2016-03-08,56.959999,57.48,56.00,56.119999,3629700,56.039491
2016-03-07,57.029999,58.48,56.900002,58.049999,4308000,57.966723
2016-03-04,57.599998,58.709999,56.740002,57.93,3784800,57.846896
2016-03-03,56.50,57.380001,55.950001,57.32,3381900,57.23777
2016-03-02,55.66,56.759998,55.220001,56.740002,3503500,56.658604
2016-03-01,53.450001,56.00,53.00,55.970001,5087200,55.889709
2016-02-29,53.639999,54.459999,52.099998,52.099998,3488600,52.025258
2016-02-26,54.77,54.84,53.380001,53.560001,4664600,53.483166
2016-02-25,52.439999,53.900002,51.709999,53.880001,4345900,53.802707
2016-02-24,49.91,52.259998,48.900002,52.049999,5844700,51.97533
2016-02-23,52.720001,52.959999,51.209999,51.369999,3909200,51.296305
2016-02-22,52.599998,53.470001,52.57,53.310001,4138700,53.233525
2016-02-19,50.48,51.25,49.880001,51.16,3101600,51.086608
2016-02-18,52.080002,52.150002,50.889999,51.169998,3324700,51.096592
2016-02-17,50.48,52.18,50.369999,51.810001,4602000,51.735677
2016-02-16,48.700001,49.419998,47.799999,49.360001,3854900,49.289191
2016-02-12,45.790001,47.040001,45.09,47.029999,3909300,46.962531
2016-02-11,43.889999,45.200001,42.98,44.43,7730400,44.366263
2016-02-10,46.990002,48.380001,45.970001,46.099998,4762500,46.033865
2016-02-09,44.639999,47.32,44.560001,46.150002,5705600,46.083796
2016-02-08,46.439999,46.75,44.220001,46.16,6338600,46.09378
2016-02-05,50.549999,50.669998,47.580002,48.139999,5319900,48.070939
2016-02-04,50.389999,51.98,49.799999,51.060001,4974800,50.986753
2016-02-03,50.970001,51.220001,47.549999,50.84,6995300,50.767067
2016-02-02,51.34,51.439999,49.470001,50.00,5012500,49.928272
2016-02-01,51.84,53.59,51.360001,52.830002,3263600,52.754214
2016-01-29,50.00,52.990002,49.900002,52.990002,5154700,52.913984
2016-01-28,49.869999,50.119999,47.77,49.310001,4425600,49.239263
2016-01-27,49.720001,51.240002,47.68,48.549999,5969700,48.480351
2016-01-26,48.799999,50.43,48.50,50.189999,3735300,50.117998
2016-01-25,50.00,50.189999,48.029999,48.27,4085200,48.200754
2016-01-22,49.919998,50.669998,49.25,50.52,5093300,50.447526
2016-01-21,47.310001,49.220001,46.07,47.52,6150700,47.45183
2016-01-20,46.389999,48.220001,43.220001,46.84,12839400,46.772805
2016-01-19,50.169998,50.25,47.23,48.689999,5539300,48.62015
2016-01-15,47.689999,49.25,46.650002,48.41,9698400,48.340553
2016-01-14,50.00,52.880001,48.48,51.799999,7103500,51.725689
2016-01-13,54.080002,54.400002,49.029999,49.389999,7606600,49.319146
2016-01-12,53.52,54.130001,51.349998,53.419998,6532300,53.343364
2016-01-11,52.84,53.189999,50.290001,52.080002,7917700,52.00529
2016-01-08,54.82,55.259998,51.720001,51.990002,6244300,51.915419
2016-01-07,54.990002,56.709999,53.380001,53.779999,7084800,53.702848
2016-01-06,57.529999,59.049999,56.860001,57.959999,5555500,57.876852
2016-01-05,60.299999,60.709999,59.060001,60.25,3500800,60.163567
2016-01-04,59.360001,59.939999,57.700001,59.919998,6658000,59.834039
2015-12-31,63.82,64.449997,62.560001,62.619999,2862300,62.530166
2015-12-30,65.669998,65.699997,64.349998,64.540001,1639900,64.447414
2015-12-29,65.050003,66.25,65.050003,65.910004,2770600,65.815452
2015-12-28,63.50,63.91,62.689999,63.900002,2284600,63.808333
2015-12-24,64.389999,64.919998,64.080002,64.190002,931800,64.097918
2015-12-23,63.459999,64.690002,63.330002,64.639999,2654100,64.547269
2015-12-22,61.57,62.650002,60.57,62.360001,3442400,62.270541
2015-12-21,60.66,61.00,59.439999,60.860001,2792900,60.64188
2015-12-18,61.82,62.00,59.240002,59.240002,5884100,59.027687
2015-12-17,66.169998,66.169998,62.720001,62.799999,4650400,62.574926
2015-12-16,64.169998,66.050003,62.799999,65.720001,4328400,65.484463
2015-12-15,62.720001,63.939999,62.529999,62.970001,4938900,62.744319
2015-12-14,60.209999,61.130001,58.43,61.09,4325100,60.871056
2015-12-11,61.549999,62.25,59.799999,60.049999,5666400,59.834782
2015-12-10,63.450001,65.290001,63.200001,63.790001,2458600,63.56138
2015-12-09,64.18,66.529999,62.259998,63.419998,4661200,63.192703
2015-12-08,64.440002,65.940002,63.779999,64.900002,2832300,64.667402
2015-12-07,67.110001,67.110001,65.139999,66.239998,2359500,66.002596
2015-12-04,64.209999,67.82,64.059998,67.470001,3629600,67.228191
2015-12-03,66.900002,67.150002,62.950001,63.740002,4532500,63.51156
2015-12-02,68.559998,68.989998,66.269997,66.510002,2700100,66.271632
2015-12-01,67.489998,68.82,67.199997,68.690002,2947100,68.44382
2015-11-30,67.870003,67.949997,66.650002,66.800003,1670100,66.560594
2015-11-27,67.459999,67.849998,66.959999,67.559998,919500,67.317865
2015-11-25,67.589996,67.790001,67.099998,67.370003,1063100,67.128551
2015-11-24,66.019997,67.879997,65.540001,67.449997,2960200,67.208258
2015-11-23,67.489998,68.050003,66.650002,67.129997,1482800,66.889406
2015-11-20,67.580002,68.18,66.970001,67.419998,2121100,67.178367
2015-11-19,66.699997,67.160004,66.349998,66.690002,2279300,66.450988
2015-11-18,64.389999,67.00,64.300003,66.790001,3724600,66.550628
2015-11-17,64.360001,65.279999,63.27,63.73,5204300,63.501593
2015-11-16,60.98,63.98,60.849998,63.950001,3355800,63.720806
2015-11-13,62.869999,63.139999,61.07,61.18,4171200,60.960733
2015-11-12,64.900002,65.410004,63.310001,63.32,3116600,63.093063
2015-11-11,67.199997,67.230003,66.00,66.050003,2257200,65.813282
2015-11-10,65.879997,66.919998,65.57,66.769997,1629000,66.530695
2015-11-09,67.650002,67.779999,65.330002,66.419998,3159200,66.181951
2015-11-06,68.00,68.620003,66.809998,68.300003,2409700,68.055218
2015-11-05,68.709999,69.269997,67.440002,68.440002,2243200,68.194716
2015-11-04,69.629997,69.769997,68.059998,68.720001,2484100,68.473711
2015-11-03,68.309998,69.949997,68.040001,69.220001,2435400,68.971919
2015-11-02,66.690002,68.919998,66.580002,68.629997,1949600,68.38403
2015-10-30,67.470001,67.800003,66.150002,66.260002,1836700,66.022528
2015-10-29,66.709999,67.629997,66.629997,67.300003,1735400,67.058802
2015-10-28,65.50,67.360001,64.760002,67.309998,4363500,67.068761
2015-10-27,64.800003,65.510002,64.389999,65.059998,2283500,64.826825
2015-10-26,65.849998,65.860001,65.099998,65.540001,1984300,65.305108
2015-10-23,65.809998,66.389999,64.879997,65.959999,3502000,65.723601
2015-10-22,61.860001,64.099998,61.700001,63.84,4798700,63.6112
2015-10-21,62.439999,62.580002,60.619999,60.830002,2890800,60.611989
2015-10-20,61.709999,62.639999,61.459999,61.91,1791400,61.688116
2015-10-19,61.400002,62.209999,61.07,62.18,1665600,61.957149
2015-10-16,61.77,62.119999,60.900002,62.049999,2603000,61.827614
2015-10-15,59.259998,61.279999,58.900002,61.23,3453200,61.010553
2015-10-14,59.32,59.990002,58.279999,58.549999,2180800,58.340158
2015-10-13,59.790001,61.16,59.27,59.459999,2950300,59.246896
2015-10-12,60.490002,60.799999,60.049999,60.669998,2014500,60.452559
2015-10-09,60.490002,60.939999,59.759998,60.41,3281800,60.193492
2015-10-08,58.34,60.610001,58.00,60.299999,4513500,60.083886
2015-10-07,58.310001,59.099998,57.07,58.779999,4163400,58.569333
2015-10-06,57.77,58.369999,56.630001,57.299999,4032600,57.094638
2015-10-05,56.209999,58.139999,56.130001,57.900002,5424800,57.69249
2015-10-02,50.689999,55.00,50.18,54.880001,7570000,54.683313
2015-10-01,52.610001,52.919998,50.75,52.68,5627900,52.491197
2015-09-30,51.200001,52.369999,50.50,52.259998,7673000,52.0727
2015-09-29,49.599998,50.740002,48.540001,49.450001,6659000,49.272774
2015-09-28,52.529999,52.619999,49.09,49.34,7695100,49.163167
2015-09-25,54.93,55.200001,52.549999,53.380001,6889500,53.188689
2015-09-24,52.799999,53.91,51.509998,53.52,7498200,53.328187
2015-09-23,54.50,54.950001,53.470001,53.990002,4566000,53.796503
2015-09-22,54.349998,54.779999,53.18,54.34,4914400,54.145247
2015-09-21,56.50,57.540001,55.439999,56.509998,3378600,56.307468
2015-09-18,55.950001,57.52,55.23,55.650002,5525500,55.450554
2015-09-17,58.759998,61.259998,58.130001,58.580002,6380400,58.370053
2015-09-16,57.720001,59.110001,57.400002,58.880001,3744800,58.668977
2015-09-15,55.849998,57.860001,55.419998,57.48,4026600,57.273993
2015-09-14,56.110001,56.189999,54.860001,55.299999,2679300,55.101806
2015-09-11,54.759998,55.990002,54.110001,55.990002,3361700,55.789335
2015-09-10,54.110001,56.360001,53.889999,55.209999,3855100,55.012128
2015-09-09,58.220001,58.380001,53.950001,54.330002,4818900,54.135285
2015-09-08,55.41,56.759998,54.779999,56.630001,4665400,56.427041
2015-09-04,52.82,53.709999,51.810001,52.66,4959300,52.471268
2015-09-03,55.77,57.259998,54.650002,55.110001,4436000,54.912488
2015-09-02,54.400002,55.060001,52.599998,55.02,3693900,54.822811
2015-09-01,53.32,54.66,51.200001,52.119999,7279100,51.933203
2015-08-31,57.599998,58.50,56.630001,57.200001,3304500,56.994998
2015-08-28,57.970001,59.130001,57.439999,58.689999,6174600,58.479656
2015-08-27,56.77,58.759998,55.220001,58.689999,8138800,58.479656
2015-08-26,52.66,54.810001,49.799999,54.599998,7728200,54.404314
2015-08-25,56.009998,56.009998,48.759998,48.84,6697700,48.664959
2015-08-24,48.709999,56.349998,43.00,51.240002,8521700,51.056359
2015-08-21,61.799999,62.880001,57.84,57.900002,8341800,57.69249
2015-08-20,66.419998,67.019997,63.84,63.900002,5711700,63.670986
2015-08-19,68.910004,69.849998,67.220001,68.209999,6316500,67.965537
2015-08-18,70.110001,70.529999,69.559998,69.830002,1847900,69.579733
2015-08-17,68.57,70.440002,68.040001,70.440002,2582500,70.187548
2015-08-14,68.330002,69.370003,68.160004,69.269997,1813700,69.021735
2015-08-13,68.690002,69.43,67.919998,68.559998,3288300,68.314281
2015-08-12,67.029999,69.029999,65.330002,68.75,5092600,68.503602
2015-08-11,68.849998,69.370003,67.669998,68.559998,3850000,68.314281
2015-08-10,69.230003,70.580002,69.230003,70.449997,2221400,70.197506
2015-08-07,68.169998,68.32,66.879997,67.910004,3165100,67.666616
2015-08-06,70.230003,70.400002,67.629997,68.50,2448500,68.254498
2015-08-05,70.459999,71.279999,69.720001,70.029999,1983000,69.779014
2015-08-04,69.68,70.230003,68.809998,69.349998,1488800,69.10145
2015-08-03,70.440002,70.510002,68.650002,69.730003,2073500,69.480093
2015-07-31,71.449997,71.470001,70.169998,70.50,1796000,70.24733
2015-07-30,70.199997,71.029999,69.43,70.790001,1982400,70.536292
2015-07-29,69.50,71.050003,69.339996,70.779999,2488000,70.526326
2015-07-28,67.919998,69.529999,66.919998,69.349998,2894300,69.10145
2015-07-27,67.099998,67.650002,66.410004,66.910004,3002400,66.6702
2015-07-24,70.370003,70.470001,67.720001,68.129997,3251800,67.885822
2015-07-23,71.690002,71.769997,69.860001,70.260002,1865800,70.008193
2015-07-22,71.040001,71.900002,71.019997,71.440002,1556900,71.183964
2015-07-21,72.559998,72.919998,71.529999,71.870003,2043200,71.612423
2015-07-20,72.980003,73.349998,72.379997,72.790001,2044100,72.529124
2015-07-17,72.50,72.739998,72.00,72.639999,1680400,72.37966
2015-07-16,72.07,72.489998,71.790001,72.410004,2648800,72.150489
2015-07-15,70.940002,71.470001,70.239998,70.800003,2002600,70.546258
2015-07-14,69.889999,71.239998,69.889999,70.93,2208400,70.675789
2015-07-13,69.209999,70.099998,69.160004,69.949997,2729000,69.699298
2015-07-10,67.519997,68.199997,66.790001,67.739998,3498700,67.49722
2015-07-09,67.349998,67.599998,65.209999,65.260002,3368600,65.026112
2015-07-08,66.809998,67.150002,64.669998,64.940002,5222500,64.70726
2015-07-07,67.370003,68.50,64.599998,68.32,5124100,68.075143
2015-07-06,66.160004,68.019997,65.940002,67.120003,2897200,66.879447
2015-07-02,68.459999,68.650002,67.220001,67.669998,2273700,67.427471
2015-07-01,68.209999,68.400002,67.019997,67.879997,3933400,67.636718
2015-06-30,67.669998,67.730003,65.769997,66.400002,8264800,66.162026
2015-06-29,68.559998,69.339996,65.830002,65.940002,5345500,65.703676
2015-06-26,70.809998,71.089996,69.690002,70.330002,1648400,70.077941
2015-06-25,71.68,71.790001,70.300003,70.32,1492400,70.067975
2015-06-24,72.32,72.730003,71.019997,71.019997,1647500,70.765463
2015-06-23,72.699997,73.019997,72.150002,72.629997,1261100,72.35475
2015-06-22,72.50,73.18,72.239998,72.470001,2083400,72.19536
2015-06-19,72.080002,72.139999,71.00,71.019997,1815400,70.750851
2015-06-18,70.800003,72.910004,70.779999,72.269997,2480600,71.996113
2015-06-17,70.230003,70.879997,68.949997,70.199997,2686800,69.933958
2015-06-16,68.519997,69.93,68.330002,69.860001,1664500,69.595251
2015-06-15,68.239998,69.040001,67.410004,68.650002,3218700,68.389837
2015-06-12,70.209999,70.43,69.300003,69.57,2514400,69.306349
2015-06-11,71.139999,71.720001,70.839996,71.25,1842200,70.979982
2015-06-10,69.07,71.029999,68.989998,70.610001,3144700,70.342408
2015-06-09,68.190002,68.75,67.400002,68.099998,2040600,67.841918
2015-06-08,69.32,69.489998,68.089996,68.209999,2071500,67.951502
2015-06-05,69.660004,70.260002,68.68,69.510002,2293700,69.246578
2015-06-04,70.779999,71.489998,69.449997,69.959999,3148600,69.69487
2015-06-03,71.699997,72.410004,71.07,71.620003,2523700,71.348583
2015-06-02,70.730003,71.919998,70.00,71.07,1927400,70.800664
2015-06-01,71.629997,72.07,70.349998,71.269997,1950900,70.999903
2015-05-29,72.129997,72.18,70.559998,70.809998,2252500,70.541647
2015-05-28,72.050003,72.360001,71.379997,72.230003,1413400,71.956272
2015-05-27,71.019997,72.75,70.629997,72.419998,1514200,72.145546
2015-05-26,72.209999,72.32,69.989998,70.529999,2465900,70.26271
2015-05-22,72.900002,73.410004,72.739998,72.839996,1391300,72.563953
2015-05-21,72.57,73.620003,72.349998,73.349998,1169800,73.072022
2015-05-20,73.019997,73.660004,72.349998,72.730003,1790700,72.454377
2015-05-19,146.259995,146.889999,145.100006,145.729996,1374200,72.58886
2015-05-18,144.110001,146.550003,144.070007,145.929993,702400,72.688479
2015-05-15,144.610001,144.940002,143.440002,144.589996,1578600,72.02102
2015-05-14,142.229996,144.320007,141.550003,144.160004,2431600,71.806839
2015-05-13,140.690002,142.149994,139.210007,139.779999,2288400,69.625136
2015-05-12,138.970001,141.00,136.970001,139.619995,1678200,69.545437
2015-05-11,142.860001,143.580002,140.789993,140.970001,2203200,70.217882
2015-05-08,141.50,143.490005,141.389999,142.940002,2943600,71.19915
2015-05-07,135.699997,138.580002,134.979996,137.589996,2800600,68.534284
2015-05-06,139.029999,139.699997,133.470001,135.940002,4240000,67.712414
2015-05-05,142.020004,142.860001,137.369995,137.589996,4042600,68.534284
2015-05-04,142.429993,144.00,142.149994,142.669998,824000,71.064659
2015-05-01,138.839996,141.50,138.589996,141.300003,2589600,70.382258
2015-04-30,139.860001,140.759995,135.309998,136.919998,4587400,68.200555
2015-04-29,140.860001,142.699997,139.289993,141.160004,3615600,70.312523
2015-04-28,141.660004,143.160004,138.75,142.899994,3029800,71.179221
2015-04-27,144.839996,145.119995,141.210007,141.600006,2195600,70.531691
2015-04-24,143.529999,144.089996,142.399994,143.490005,1264800,71.473109
2015-04-23,140.440002,144.029999,140.259995,142.470001,2436000,70.96504
2015-04-22,140.179993,141.850006,137.990005,141.399994,1776400,70.432064
2015-04-21,141.529999,141.869995,138.690002,139.369995,906100,69.420911
2015-04-20,138.369995,140.630005,138.160004,139.839996,2335800,69.655021
2015-04-17,138.149994,138.699997,134.309998,136.139999,3912200,67.812033
2015-04-16,140.389999,142.229996,139.899994,141.009995,778500,70.237803
2015-04-15,140.490005,142.360001,140.279999,141.139999,2044000,70.302559
2015-04-14,138.100006,139.740005,136.559998,139.300003,2517200,69.386047
2015-04-13,140.050003,141.600006,138.419998,138.559998,1300400,69.017447
2015-04-10,138.740005,140.520004,138.320007,140.389999,1735000,69.92898
2015-04-09,136.009995,138.720001,134.860001,138.229996,2824600,68.853071
2015-04-08,135.570007,137.360001,134.600006,136.380005,2325200,67.931581
2015-04-07,136.179993,137.919998,134.949997,134.949997,2344800,67.219287
2015-04-06,131.350006,137.289993,131.039993,136.089996,3452600,67.787126
2015-04-02,131.889999,134.429993,131.449997,133.25,1094700,66.37251
2015-04-01,133.330002,133.330002,129.710007,132.059998,3404000,65.779763
2015-03-31,135.00,136.699997,133.339996,133.460007,3231400,66.477115
2015-03-30,134.679993,137.720001,134.660004,137.020004,3311400,68.250368
2015-03-27,131.059998,132.669998,130.619995,132.139999,1935200,65.819613
2015-03-26,130.699997,133.429993,129.139999,131.339996,4463200,65.421127
2015-03-25,138.889999,139.389999,132.199997,132.210007,3369000,65.854484
2015-03-24,140.550003,141.660004,138.339996,138.429993,1998000,68.886942
2015-03-23,141.75,143.110001,140.910004,140.910004,1524600,70.12107
2015-03-20,140.399994,142.910004,140.190002,141.669998,3029000,70.499267
2015-03-19,139.039993,139.639999,137.169998,138.020004,3128400,68.682919
2015-03-18,134.00,141.539993,132.520004,139.889999,5411400,69.613485
2015-03-17,134.580002,136.009995,133.25,135.139999,2621000,67.249742
2015-03-16,132.740005,136.570007,132.740005,136.449997,2510800,67.901636
2015-03-13,132.949997,133.279999,128.710007,131.100006,4796600,65.239319
2015-03-12,130.080002,133.720001,130.080002,133.559998,2769800,66.463485
2015-03-11,130.119995,130.600006,128.50,128.649994,2311400,64.020119
2015-03-10,133.00,133.240005,129.600006,129.600006,4271000,64.492874
2015-03-09,135.020004,137.080002,134.830002,136.259995,2179600,67.807085
2015-03-06,138.289993,139.520004,133.809998,134.490005,4218000,66.926285
2015-03-05,140.880005,141.199997,139.350006,140.520004,1358200,69.926995
2015-03-04,140.429993,140.619995,137.759995,140.029999,1288800,69.683153
2015-03-03,142.589996,142.830002,139.820007,141.899994,2628600,70.613719
2015-03-02,141.25,143.809998,141.25,143.679993,854000,71.4995
2015-02-27,142.220001,142.889999,140.940002,141.039993,1284000,70.185757
2015-02-26,142.759995,143.139999,141.009995,142.449997,1920200,70.887417
2015-02-25,143.080002,144.240005,142.149994,142.919998,1601400,71.121304
2015-02-24,142.050003,143.839996,141.300003,143.389999,2088400,71.355191
2015-02-23,141.580002,142.190002,140.699997,142.190002,1918400,70.758036
2015-02-20,138.729996,142.399994,137.25,142.289993,2677800,70.807795
2015-02-19,138.559998,140.600006,138.240005,139.75,2079600,69.543818
2015-02-18,139.039993,140.210007,138.460007,140.020004,1535200,69.67818
2015-02-17,138.619995,140.410004,138.029999,140.160004,1813800,69.747848
2015-02-13,137.990005,139.460007,137.339996,139.440002,2432200,69.389553
2015-02-12,135.639999,137.75,135.25,137.660004,3483200,68.503772
2015-02-11,133.149994,134.779999,131.679993,133.839996,3337200,66.602821
2015-02-10,131.869995,134.149994,129.830002,133.619995,2617600,66.493342
2015-02-09,129.740005,131.389999,128.529999,129.449997,1929200,64.418225
2015-02-06,133.229996,134.50,130.059998,131.240005,2972400,65.308987
2015-02-05,130.00,132.679993,129.809998,132.410004,2752800,65.891214
2015-02-04,128.199997,130.979996,127.419998,128.410004,3498000,63.900693
2015-02-03,126.589996,129.970001,125.760002,129.880005,4604400,64.63221
2015-02-02,121.269997,124.769997,117.279999,124.440002,4631200,61.925101
2015-01-30,122.139999,125.169998,119.559998,120.050003,4962600,59.740504
2015-01-29,121.940002,125.440002,118.860001,124.900002,5047800,62.15401
2015-01-28,129.050003,129.270004,121.110001,121.300003,4186800,60.362542
2015-01-27,126.889999,129.039993,124.459999,126.449997,4274200,62.925335
2015-01-26,130.220001,131.809998,128.559998,131.699997,2649400,65.537893
2015-01-23,132.179993,132.889999,130.380005,130.610001,3372400,64.995478
2015-01-22,128.960007,133.179993,125.849998,132.929993,5192600,66.149976
2015-01-21,124.279999,128.279999,123.300003,127.190002,3474200,63.293584
2015-01-20,125.93,126.529999,121.889999,125.349998,3355600,62.377942
2015-01-16,119.459999,124.879997,119.029999,124.360001,4750800,61.885289
2015-01-15,124.620003,125.339996,119.639999,119.889999,4737800,59.660882
2015-01-14,121.010002,123.629997,118.93,123.260002,3214200,61.337897
2015-01-13,129.410004,131.850006,122.580002,125.459999,2814600,62.432682
2015-01-12,130.080002,130.309998,125.239998,126.50,3686800,62.950218
2015-01-09,133.820007,133.880005,128.25,129.630005,5303600,64.507803
2015-01-08,129.380005,133.350006,129.330002,132.889999,2294000,66.130074
2015-01-07,124.620003,126.900002,123.540001,126.230003,3538000,62.815859
2015-01-06,125.849998,127.00,119.879997,121.739998,2920500,60.581497
2015-01-05,129.869995,130.300003,124.459999,125.129997,2575000,62.268463
2015-01-02,134.25,135.190002,129.929993,132.25,1636100,65.811591
2014-12-31,137.449997,137.789993,132.350006,132.610001,1440200,65.990738
2014-12-30,137.789993,138.190002,136.470001,136.729996,2249200,68.040972
2014-12-29,137.889999,139.389999,137.720001,138.860001,564700,69.100927
2014-12-26,138.070007,139.169998,138.039993,138.360001,1626600,68.852112
2014-12-24,137.649994,138.179993,137.00,137.139999,397200,68.245002
2014-12-23,137.979996,138.00,136.610001,137.149994,1051100,68.249976
2014-12-22,135.139999,136.550003,134.539993,136.399994,975700,67.876753
2014-12-19,134.570007,136.380005,133.070007,134.75,2150600,66.985497
2014-12-18,129.360001,133.110001,127.830002,133.029999,2850400,66.130469
2014-12-17,117.949997,124.809998,117.650002,124.18,2653800,61.731051
2014-12-16,118.160004,125.089996,116.900002,117.089996,5974800,58.206543
2014-12-15,124.529999,125.449997,118.550003,119.760002,2317900,59.533828
2014-12-12,125.830002,128.00,122.419998,122.50,1762900,60.895907
2014-12-11,128.130005,132.440002,127.800003,128.610001,3207600,63.933246
2014-12-10,132.139999,132.229996,126.360001,126.860001,1896900,63.063304
2014-12-09,129.179993,133.470001,128.210007,133.160004,1977600,66.195095
2014-12-08,135.330002,136.479996,132.199997,133.559998,1311900,66.393936
2014-12-05,136.020004,137.149994,135.399994,136.210007,1955800,67.711281
2014-12-04,135.360001,136.75,133.699997,135.610001,1145100,67.413012
2014-12-03,134.820007,136.509995,134.490005,136.139999,1001700,67.676479
2014-12-02,131.960007,134.949997,131.960007,134.419998,2406600,66.82145
2014-12-01,133.179993,133.470001,131.199997,132.070007,2964600,65.653248
2014-11-28,135.360001,136.059998,134.240005,134.820007,1765800,67.020299
2014-11-26,134.970001,135.880005,134.470001,135.710007,706900,67.462726
2014-11-25,135.460007,135.940002,134.070007,134.809998,2431600,67.015323
2014-11-24,134.800003,135.210007,134.279999,134.929993,1435800,67.074973
2014-11-21,135.660004,135.800003,132.479996,133.889999,3435600,66.557983
2014-11-20,129.139999,131.919998,129.020004,131.669998,1835400,65.454399
2014-11-19,131.130005,131.639999,129.259995,130.990005,2596800,65.116369
2014-11-18,129.509995,132.320007,129.509995,131.660004,1963400,65.449431
2014-11-17,128.369995,129.789993,128.059998,129.449997,1868600,64.350816
2014-11-14,128.880005,129.610001,128.210007,129.199997,1558400,64.226539
2014-11-13,129.020004,130.300003,127.25,129.059998,2492000,64.156943
2014-11-12,127.540001,129.149994,127.440002,128.679993,1814200,63.968039
2014-11-11,128.889999,129.330002,128.160004,129.050003,556900,64.151975
2014-11-10,127.660004,128.830002,127.120003,128.669998,1768400,63.963071
2014-11-07,127.160004,128.00,126.199997,127.599998,2222600,63.431164
2014-11-06,125.769997,127.370003,124.330002,127.260002,2880200,63.262149
2014-11-05,126.00,126.139999,124.029999,125.68,2700000,62.476715
2014-11-04,123.589996,124.309998,121.50,123.440002,3060200,61.363191
2014-11-03,124.860001,125.889999,123.800003,124.639999,2485600,61.959721
2014-10-31,124.699997,124.739998,122.870003,124.440002,3605800,61.8603
2014-10-30,117.050003,121.349998,116.860001,120.470001,5100600,59.886775
2014-10-29,118.839996,119.879997,115.690002,118.18,3906400,58.748394
2014-10-28,115.860001,118.639999,115.699997,118.489998,2914200,58.902497
2014-10-27,113.949997,115.199997,112.699997,114.669998,3389400,57.003539
2014-10-24,113.07,115.239998,111.870003,115.07,2591600,57.202383
2014-10-23,112.089996,114.650002,111.449997,112.690002,3794800,56.019264
2014-10-22,111.849998,112.589996,108.690002,108.870003,4134600,54.120306
2014-10-21,107.25,111.370003,106.910004,111.190002,5337800,55.2736
2014-10-20,101.440002,105.160004,101.300003,104.989998,3115000,52.191519
2014-10-17,101.93,104.029999,100.650002,102.099998,6477200,50.754873
2014-10-16,93.419998,100.540001,93.150002,98.400002,9353200,48.91557
2014-10-15,96.779999,99.489998,91.480003,98.459999,10558600,48.945395
2014-10-14,102.00,104.209999,99.760002,100.919998,6117400,50.168284
2014-10-13,105.360001,106.620003,100.199997,100.400002,5234200,49.909789
2014-10-10,109.290001,110.889999,105.559998,105.610001,6880400,52.499729
2014-10-09,115.720001,116.199997,109.129997,109.330002,5994600,54.348976
2014-10-08,110.660004,116.760002,108.949997,116.389999,5714800,57.858568
2014-10-07,114.120003,114.870003,110.519997,110.580002,4136600,54.970363
2014-10-06,117.730003,118.230003,114.660004,115.870003,3781600,57.600073
2014-10-03,114.870003,117.010002,113.839996,116.300003,4217000,57.81383
2014-10-02,112.32,113.779999,109.139999,112.57,4379000,55.95961
2014-10-01,116.720001,116.839996,111.800003,112.639999,5935000,55.994407
2014-09-30,118.559998,119.629997,116.650002,117.360001,2574200,58.340765
2014-09-29,115.870003,118.910004,115.589996,118.330002,2269000,58.822961
2014-09-26,116.739998,119.82,116.360001,119.07,2468800,59.190821
2014-09-25,121.110001,121.139999,116.120003,116.230003,3505400,57.779032
2014-09-24,119.400002,122.32,118.459999,122.160004,2390600,60.726891
2014-09-23,120.139999,121.68,119.269997,119.400002,2246800,59.319576
2014-09-22,123.669998,123.75,120.75,121.459999,2246600,60.343011
2014-09-19,125.970001,126.25,123.639999,124.50,1963400,61.853326
2014-09-18,123.889999,124.779999,123.459999,124.699997,1346800,61.952687
2014-09-17,122.879997,124.459999,121.00,122.779999,3380000,60.998806
2014-09-16,118.940002,122.900002,118.699997,122.330002,1859400,60.775241
2014-09-15,119.93,120.209999,118.529999,119.610001,1566800,59.423907
2014-09-12,121.690002,121.699997,118.870003,119.900002,2462200,59.567983
2014-09-11,120.18,122.099998,119.900002,121.970001,1430800,60.596388
2014-09-10,120.489998,121.849998,119.239998,121.699997,2391600,60.462246
2014-09-09,122.239998,122.519997,119.57,120.339996,1933000,59.786579
2014-09-08,123.199997,123.739998,121.540001,122.650002,1872200,60.934221
2014-09-05,121.82,123.690002,120.50,123.599998,1767000,61.406193
2014-09-04,123.040001,124.459999,120.949997,121.870003,2694200,60.546707
2014-09-03,124.059998,124.150002,122.00,122.559998,1375200,60.889506
2014-09-02,123.339996,123.419998,121.339996,122.629997,1635000,60.924283
2014-08-29,122.50,122.940002,121.279999,122.879997,1320400,61.048486
2014-08-28,120.860001,122.080002,120.50,121.889999,1938000,60.556642
2014-08-27,122.389999,122.669998,121.559998,122.150002,964400,60.685814
2014-08-26,122.099998,123.150002,122.099998,122.279999,1461600,60.750399
2014-08-25,121.949997,122.589996,121.400002,121.949997,1653800,60.586449
2014-08-22,120.480003,121.110001,119.370003,120.150002,2306800,59.692186
2014-08-21,120.050003,121.209999,119.75,120.779999,1223400,60.005178
2014-08-20,118.260002,120.120003,118.25,119.720001,1838600,59.478556
2014-08-19,117.75,119.040001,117.470001,118.720001,2039400,58.981742
2014-08-18,116.00,117.110001,115.779999,116.879997,2070800,58.067603
2014-08-15,115.370003,115.739998,111.629997,114.07,4314200,56.671557
2014-08-14,113.099998,114.129997,112.779999,114.120003,1222800,56.696399
2014-08-13,111.669998,112.919998,111.099998,112.699997,3247200,55.990921
2014-08-12,110.459999,111.349998,109.360001,110.309998,2080600,54.803536
2014-08-11,111.040001,112.279999,110.660004,110.839996,2708200,55.066847
2014-08-08,106.82,110.050003,106.050003,109.790001,2488600,54.545195
2014-08-07,109.349998,109.699997,105.370003,106.089996,2881800,52.706981
2014-08-06,106.339996,109.300003,106.260002,107.860001,2406800,53.586344
2014-08-05,109.68,110.57,106.660004,107.75,3225200,53.531694
2014-08-04,109.400002,111.769997,107.980003,111.040001,1941400,55.166212
2014-08-01,108.82,110.879997,107.199997,108.699997,4138600,54.003665
2014-07-31,114.309998,114.550003,109.650002,109.760002,5913800,54.530291
2014-07-30,117.910004,118.339996,115.279999,116.68,2902200,57.968242
2014-07-29,118.809998,119.300003,116.639999,116.68,1753200,57.968242
2014-07-28,118.07,118.699997,116.089996,118.18,1630800,58.713463
2014-07-25,118.75,119.040001,117.370003,118.110001,1456600,58.678686
2014-07-24,120.160004,120.470001,119.43,119.75,1333000,59.49346
2014-07-23,119.449997,120.099998,118.779999,119.720001,1404400,59.478556
2014-07-22,118.629997,119.550003,118.360001,118.919998,1732800,59.081104
2014-07-21,116.959999,117.699997,115.779999,117.339996,1662600,58.296137
2014-07-18,115.769997,118.419998,115.50,118.059998,1704600,58.653844
2014-07-17,117.510002,118.900002,114.099998,114.57,3383800,56.919964
2014-07-16,118.860001,119.169998,117.720001,118.639999,1847000,58.941996
2014-07-15,118.260002,118.93,115.860001,117.360001,2131400,58.306075
2014-07-14,118.00,118.489998,117.599998,117.970001,1274000,58.609132
2014-07-11,115.660004,116.50,114.830002,116.339996,1707600,57.799323
2014-07-10,113.830002,116.720001,113.510002,115.790001,2216400,57.526078
2014-07-09,116.459999,117.489998,115.790001,117.199997,1471000,58.226583
2014-07-08,117.230003,117.360001,114.790001,115.75,2621200,57.506205
2014-07-07,118.510002,118.790001,117.410004,118.00,1619400,58.624036
2014-07-03,118.419998,119.309998,118.239998,119.18,920600,59.210276
2014-07-02,117.099998,117.860001,116.970001,117.410004,1121800,58.330918
2014-07-01,115.660004,118.139999,115.550003,117.099998,2281000,58.176903
2014-06-30,114.809998,115.599998,114.50,114.860001,1817400,57.064041
2014-06-27,113.519997,115.110001,113.400002,115.040001,1463200,57.153467
2014-06-26,114.629997,114.639999,112.059998,114.400002,2013600,56.835507
2014-06-25,112.32,114.93,112.32,114.57,1734200,56.919964
2014-06-24,114.589996,116.300003,112.760002,113.160004,2601400,56.182197
2014-06-23,115.400002,115.529999,114.629997,115.25,1200600,57.219848
2014-06-20,115.510002,115.550003,114.959999,115.389999,1398200,57.289355
2014-06-19,114.57,114.870003,113.480003,114.690002,1744200,56.941817
2014-06-18,111.790001,114.470001,111.18,114.309998,2421200,56.753151
2014-06-17,110.400002,112.040001,110.099998,111.760002,1646800,55.487117
2014-06-16,110.18,111.580002,109.800003,110.870003,2556800,55.045246
2014-06-13,110.309998,110.940002,109.220001,110.68,1792800,54.950913
2014-06-12,111.589996,111.800003,108.919998,109.68,2599000,54.454429
2014-06-11,112.07,112.400002,111.279999,112.129997,2334000,55.670814
2014-06-10,112.779999,113.279999,112.059998,113.269997,1121400,56.236806
2014-06-09,112.769997,114.010002,112.50,113.190002,1742600,56.197091
2014-06-06,112.00,112.93,111.82,112.879997,1363400,56.043178
2014-06-05,109.50,111.589996,108.32,111.300003,2211600,55.258735
2014-06-04,107.82,109.300003,107.559998,109.040001,2103600,54.136679
2014-06-03,107.860001,108.639999,107.580002,108.510002,1429400,53.873543
2014-06-02,108.709999,108.800003,107.07,108.68,1466600,53.957944
2014-05-30,107.50,108.480003,107.18,108.199997,1962600,53.71963
2014-05-29,106.830002,107.769997,106.080002,107.75,1454400,53.496213
2014-05-28,106.370003,106.839996,105.620003,106.099998,1692400,52.677013
2014-05-27,105.639999,106.419998,105.459999,106.400002,1436000,52.82596
2014-05-23,103.559998,104.639999,103.349998,104.43,2397400,51.847885
2014-05-22,102.489998,103.830002,102.010002,103.220001,1649000,51.247139
2014-05-21,100.730003,102.580002,100.720001,102.400002,1961600,50.840022
2014-05-20,101.690002,101.730003,99.150002,99.910004,2562400,49.603776
2014-05-19,100.169998,102.099998,99.889999,101.889999,1406800,50.586813
2014-05-16,99.870003,100.870003,98.660004,100.790001,2165000,50.040681
2014-05-15,101.800003,101.900002,98.25,99.639999,4713000,49.469723
2014-05-14,103.68,103.779999,102.019997,102.440002,1717800,50.859881
2014-05-13,104.00,104.709999,103.629997,103.93,1787600,51.599642
2014-05-12,102.07,103.800003,101.970001,103.629997,3640000,51.450695
2014-05-09,100.290001,100.830002,98.910004,100.790001,2003400,50.040681
2014-05-08,100.279999,102.440002,99.300003,100.309998,2590600,49.802367
2014-05-07,99.849998,100.720001,97.650002,100.650002,3177400,49.971173
2014-05-06,100.870003,101.040001,98.809998,98.900002,2440400,49.102325
2014-05-05,99.489998,101.730003,98.650002,101.550003,2222600,50.41801
2014-05-02,101.379997,102.68,100.489998,101.019997,2959400,50.15487
2014-05-01,101.190002,102.209999,100.440002,101.43,2837400,50.358431
2014-04-30,99.970001,101.639999,99.540001,101.480003,2754000,50.383257
2014-04-29,100.019997,100.900002,99.400002,100.480003,2721400,49.886772
2014-04-28,99.349998,100.370003,96.07,99.089996,4395000,49.196655
2014-04-25,99.620003,99.809998,97.419998,98.169998,3072600,48.73989
2014-04-24,101.540001,101.540001,99.220001,100.690002,2478800,49.991033
2014-04-23,100.589996,100.790001,99.800003,100.089996,1689200,49.69314
2014-04-22,99.699997,101.559998,99.57,100.709999,2991800,50.000961
2014-04-21,98.459999,99.470001,98.099998,99.470001,1711000,49.385322
2014-04-17,97.599998,99.18,97.099998,98.349998,2718200,48.829257
2014-04-16,96.889999,98.00,95.690002,97.970001,2670400,48.640595
2014-04-15,93.690002,95.190002,90.879997,94.980003,5136800,47.156107
2014-04-14,93.080002,93.739998,90.839996,93.059998,3144400,46.202854
2014-04-11,91.93,93.860001,90.68,90.940002,5501600,45.150309
2014-04-10,99.739998,99.919998,93.160004,93.480003,6137000,46.41138
2014-04-09,97.419998,99.870003,96.629997,99.809998,3707600,49.554124
2014-04-08,95.300003,97.139999,94.360001,96.699997,4449000,48.010057
2014-04-07,98.029999,98.540001,94.919998,95.43,7415600,47.379523
2014-04-04,104.050003,104.18,98.300003,98.82,6658800,49.062606
2014-04-03,103.339996,103.379997,101.50,102.379997,2932400,50.83009
2014-04-02,102.239998,103.220001,101.639999,102.879997,3041800,51.078332
2014-04-01,100.800003,101.980003,100.550003,101.830002,3669600,50.557025
2014-03-31,99.279999,100.279999,98.959999,99.830002,4146400,49.564056
2014-03-28,96.82,98.879997,96.669998,97.400002,3581600,48.357599
2014-03-27,96.339996,97.199997,94.989998,96.050003,4888000,47.687345
2014-03-26,99.989998,100.410004,96.620003,96.620003,4029400,47.970341
2014-03-25,98.879997,99.790001,97.150002,98.830002,4789800,49.067572
2014-03-24,99.669998,100.010002,96.150002,97.389999,4623000,48.352633
2014-03-21,101.019997,101.769997,98.349998,98.669998,3634600,48.988132
2014-03-20,97.410004,100.00,96.949997,99.779999,4238600,49.539231
2014-03-19,99.830002,100.169998,96.209999,98.230003,4397000,48.769682
2014-03-18,98.169998,100.089996,97.919998,99.720001,3360600,49.509443
2014-03-17,96.449997,98.300003,96.379997,97.550003,3977400,48.432072
2014-03-14,95.239998,96.809998,94.709999,95.050003,4423800,47.190861
2014-03-13,100.089996,100.339996,95.089996,95.93,5765600,47.627766
2014-03-12,97.690002,99.32,97.019997,99.230003,4182600,49.266166
2014-03-11,101.150002,101.540001,98.459999,99.160004,3832800,49.231413
2014-03-10,100.360001,100.769997,98.919998,100.660004,2383200,49.976139
2014-03-07,101.830002,101.949997,99.529999,100.739998,5958600,50.015855
2014-03-06,100.800003,101.410004,100.260002,100.75,3594000,50.020821
2014-03-05,99.93,100.519997,99.550003,99.830002,4595400,49.564056
2014-03-04,98.480003,100.389999,98.449997,99.760002,7222800,49.529303
2014-03-03,95.230003,96.419998,93.779999,95.699997,7449400,47.513573
2014-02-28,97.010002,99.120003,95.860001,97.730003,5331600,48.521439
2014-02-27,95.110001,97.110001,94.830002,97.110001,3675800,48.213618
2014-02-26,95.93,96.690002,94.760002,95.529999,3923000,47.429171
2014-02-25,95.839996,96.690002,94.610001,95.519997,4939000,47.424205
2014-02-24,94.720001,97.540001,94.559998,95.580002,4014000,47.453997
2014-02-21,95.019997,95.639999,93.959999,94.18,3427200,46.758918
2014-02-20,93.169998,95.059998,92.18,94.309998,4911600,46.823459
2014-02-19,93.980003,95.769997,92.540001,92.769997,6853600,46.058873
2014-02-18,94.580002,95.080002,93.779999,94.720001,3599800,47.02702
2014-02-14,92.589996,94.860001,92.309998,94.300003,4912800,46.818497
2014-02-13,89.57,93.110001,89.550003,92.889999,5105000,46.118452
2014-02-12,91.690002,92.540001,90.860001,91.50,4195200,45.428339
2014-02-11,88.68,91.949997,88.449997,91.25,5134800,45.304218
2014-02-10,87.93,88.470001,87.230003,88.400002,3637600,43.889237
2014-02-07,85.980003,88.169998,85.129997,88.00,5487600,43.690643
2014-02-06,82.129997,84.739998,82.129997,84.660004,4306400,42.032386
2014-02-05,80.959999,82.07,79.470001,81.510002,4665800,40.468459
2014-02-04,81.269997,82.449997,80.410004,81.790001,7130800,40.607474
2014-02-03,85.639999,86.25,79.68,80.169998,8863000,39.803168
2014-01-31,84.300003,87.599998,84.169998,85.989998,5183800,42.692708
2014-01-30,86.980003,88.370003,86.160004,87.620003,3354800,43.50198
2014-01-29,85.199997,86.589996,84.169998,84.75,6202600,42.077068
2014-01-28,86.169998,87.720001,86.00,87.360001,3984800,43.372893
2014-01-27,87.449997,88.050003,84.550003,85.849998,6908800,42.6232
2014-01-24,91.309998,91.400002,87.089996,87.089996,7245200,43.23884
2014-01-23,94.050003,94.07,91.650002,93.199997,4856000,46.272361
2014-01-22,95.82,95.849998,94.849998,95.489998,2029800,47.409311
2014-01-21,96.089996,96.199997,93.540001,95.279999,3680600,47.30505
2014-01-17,95.239998,95.730003,94.00,94.449997,2989200,46.892967
2014-01-16,95.519997,95.800003,94.800003,95.690002,2254400,47.50861
2014-01-15,95.18,96.50,95.089996,96.089996,4021000,47.707201
2014-01-14,92.510002,94.699997,91.970001,94.519997,5345600,46.927721
2014-01-13,94.660004,95.440002,91.029999,91.660004,5868200,45.507778
2014-01-10,95.139999,95.50,93.660004,95.370003,3878200,47.349736
2014-01-09,95.330002,95.389999,93.349998,94.559998,3483400,46.94758
2014-01-08,94.349998,94.93,93.50,94.489998,4709000,46.912827
2014-01-07,93.790001,94.860001,93.610001,94.389999,4728400,46.863179
2014-01-06,94.410004,94.519997,92.260002,92.779999,4179400,46.063839
2014-01-03,94.019997,94.599998,93.129997,93.400002,5647400,46.37166
2014-01-02,95.209999,95.370003,92.919998,93.559998,6463600,46.451096
2013-12-31,95.449997,96.330002,95.199997,96.309998,4538800,47.816428
2013-12-30,95.129997,95.290001,94.650002,94.989998,2260400,47.161069
2013-12-27,95.550003,95.610001,94.779999,95.080002,3276800,47.205755
2013-12-26,94.389999,95.260002,94.300003,95.139999,3065800,47.235542
2013-12-24,93.080002,93.809998,93.07,93.730003,2398400,46.535501
2013-12-23,92.940002,93.25,92.389999,93.029999,3731200,46.18796
2013-12-20,90.349998,92.260002,90.300003,91.639999,5577600,45.497846
2013-12-19,89.610001,90.370003,88.919998,90.139999,5820800,44.75312
2013-12-18,86.410004,90.43,84.059998,90.349998,9041200,44.857381
2013-12-17,87.07,87.080002,85.410004,85.889999,4010600,42.64306
2013-12-16,86.449997,87.650002,86.379997,86.75,4855200,43.070037
2013-12-13,85.769997,86.029999,84.730003,85.129997,4613600,42.265731
2013-12-12,86.010002,86.309998,84.730003,85.339996,8890000,42.369992
2013-12-11,89.230003,89.269997,85.82,86.080002,5996200,42.737393
2013-12-10,89.489998,90.040001,88.989998,89.190002,4688800,44.281461
2013-12-09,90.199997,90.489998,89.760002,90.059998,4197800,44.7134
2013-12-06,89.029999,89.68,88.300003,89.389999,4853600,44.380756
2013-12-05,87.220001,87.699997,86.330002,86.629997,2980200,43.010458
2013-12-04,86.75,88.760002,85.669998,87.620003,6556400,43.50198
2013-12-03,88.059998,88.690002,86.900002,87.910004,5149200,43.645961
2013-12-02,89.790001,90.25,88.50,88.919998,3427600,44.147408
2013-11-29,90.080002,90.709999,89.309998,89.559998,1794400,44.465158
2013-11-27,89.440002,89.980003,89.110001,89.760002,2548400,44.564457
2013-11-26,89.220001,89.940002,88.75,89.120003,2630000,44.246707
2013-11-25,89.809998,89.870003,88.699997,89.260002,2901000,44.316214
2013-11-22,88.160004,89.370003,87.830002,89.300003,3284400,44.336074
2013-11-21,86.739998,88.230003,86.540001,88.050003,3788800,43.715469
2013-11-20,87.370003,88.080002,85.260002,86.080002,5267600,42.737393
2013-11-19,87.230003,88.019997,86.360001,86.849998,3723200,43.119685
2013-11-18,88.760002,88.949997,86.800003,87.510002,4663400,43.447366
2013-11-15,87.599998,88.330002,87.300003,88.32,3389400,43.849518
2013-11-14,86.089996,87.400002,85.709999,87.18,4709000,43.283526
2013-11-13,82.669998,85.919998,82.660004,85.800003,3269200,42.598378
2013-11-12,83.879997,84.449997,83.050003,83.949997,2785800,41.679879
2013-11-11,84.150002,84.68,83.830002,84.300003,2019400,41.853651
2013-11-08,81.010002,84.309998,80.989998,84.290001,4628600,41.848686
2013-11-07,84.800003,84.959999,80.839996,81.050003,6290600,40.240077
2013-11-06,84.129997,84.75,83.400002,84.230003,3084600,41.818898
2013-11-05,82.82,83.709999,82.059998,83.050003,3817200,41.233046
2013-11-04,83.720001,83.940002,82.870003,83.849998,2793600,41.630231
2013-11-01,82.730003,83.510002,81.580002,82.93,4458800,41.173466
2013-10-31,82.919998,83.919998,82.00,82.260002,4401200,40.840822
2013-10-30,84.699997,84.839996,82.199997,83.129997,4201600,41.272762
2013-10-29,83.559998,84.489998,83.260002,84.489998,3429000,41.947981
2013-10-28,82.589996,83.370003,82.300003,82.989998,4141000,41.203254
2013-10-25,82.07,82.660004,81.57,82.639999,3581600,41.029485
2013-10-24,81.209999,81.830002,80.669998,81.580002,3188800,40.503213
2013-10-23,81.099998,81.190002,79.900002,80.839996,4942800,40.135811
2013-10-22,81.25,82.650002,80.900002,81.919998,5463400,40.672016
2013-10-21,80.610001,81.019997,80.00,80.599998,3778800,40.016656
2013-10-18,79.839996,80.68,79.32,80.400002,4895200,39.917361
2013-10-17,76.449997,79.050003,76.410004,79.00,5608000,39.222282
2013-10-16,75.610001,77.489998,75.50,77.419998,6080400,38.437835
2013-10-15,75.330002,76.199997,73.989998,74.300003,6161400,36.888806
2013-10-14,73.690002,76.120003,73.470001,76.050003,5693600,37.757654
2013-10-11,73.290001,75.139999,73.110001,75.07,3754200,37.271097
2013-10-10,71.260002,73.720001,71.209999,73.580002,6099000,36.531336
2013-10-09,69.440002,69.93,67.830002,69.089996,7736600,34.302118
2013-10-08,71.519997,71.769997,68.900002,69.040001,6813800,34.277296
2013-10-07,71.489998,72.860001,71.300003,71.610001,3536400,35.553261
2013-10-04,71.989998,73.669998,71.699997,73.440002,3309200,36.461829
2013-10-03,73.330002,73.540001,70.809998,71.900002,4552200,35.697242
2013-10-02,72.769997,73.900002,72.089996,73.839996,2404200,36.660419
2013-10-01,72.540001,74.269997,72.379997,74.139999,3759600,36.809366
2013-09-30,71.68,73.07,71.25,72.309998,5485800,35.900799
2013-09-27,73.449997,73.839996,72.989998,73.610001,3781800,36.54623
2013-09-26,74.110001,75.209999,73.760002,74.610001,3018800,37.042715
2013-09-25,74.510002,74.900002,73.57,73.779999,5460800,36.630632
2013-09-24,74.940002,75.760002,74.019997,74.50,5304800,36.96973
2013-09-23,75.690002,75.910004,74.239998,74.989998,4500000,37.212886
2013-09-20,78.18,78.199997,75.839996,75.989998,3621000,37.709124
2013-09-19,78.699997,78.760002,77.410004,77.790001,3118800,38.602354
2013-09-18,75.330002,78.650002,74.769997,78.059998,4771600,38.736337
2013-09-17,74.639999,75.449997,74.629997,75.400002,2356200,37.416345
2013-09-16,75.540001,75.639999,74.089996,74.510002,3977000,36.974694
2013-09-13,72.93,73.349998,72.43,73.169998,3232600,36.309733
2013-09-12,73.230003,73.480003,72.389999,72.790001,4468800,36.121164
2013-09-11,72.290001,73.279999,71.910004,73.279999,3384400,36.36432
2013-09-10,72.309998,72.620003,71.82,72.599998,4309400,36.026878
2013-09-09,69.559998,71.129997,69.559998,71.059998,3411800,35.262671
2013-09-06,69.620003,70.190002,67.089996,68.989998,4287000,34.235458
2013-09-05,68.779999,69.480003,68.660004,68.809998,3080000,34.146135
2013-09-04,67.120003,69.010002,66.709999,68.699997,4112400,34.091549
2013-09-03,68.029999,68.459999,66.199997,67.010002,4659800,33.252909
2013-08-30,67.190002,67.190002,65.550003,66.010002,6501400,32.756671
2013-08-29,65.989998,67.82,65.870003,66.82,4435400,33.158623
2013-08-28,65.68,67.160004,65.43,66.43,5703600,32.96509
2013-08-27,67.040001,67.839996,65.610001,65.730003,8170000,32.617725
2013-08-26,70.129997,70.760002,69.00,69.230003,5089200,34.354558
2013-08-23,69.830002,70.139999,68.860001,69.889999,3721800,34.682073
2013-08-22,67.800003,69.50,67.800003,69.150002,4077000,34.314858
2013-08-21,68.07,69.199997,66.93,67.410004,7090400,33.451405
2013-08-20,68.019997,69.389999,67.779999,68.68,7768600,34.081626
2013-08-19,68.800003,69.459999,67.650002,67.730003,7210600,33.610201
2013-08-16,69.290001,70.00,68.580002,69.029999,4318800,34.255308
2013-08-15,70.989998,70.989998,69.309998,69.610001,5875800,34.543127
2013-08-14,73.730003,74.089996,72.699997,72.779999,3303400,36.116201
2013-08-13,73.629997,74.230003,72.32,73.970001,3778000,36.706725
2013-08-12,72.419998,73.480003,72.279999,73.190002,2865600,36.31966
2013-08-09,73.82,74.519997,72.720001,73.519997,3647000,36.483416
2013-08-08,74.419998,74.629997,73.010002,74.160004,3510600,36.801011
2013-08-07,73.370003,73.650002,72.519997,73.360001,5399400,36.404019
2013-08-06,74.900002,75.129997,73.599998,74.160004,5816600,36.801011
2013-08-05,75.230003,75.720001,74.919998,75.389999,3602200,37.411382
2013-08-02,74.82,75.699997,74.510002,75.68,3890600,37.555291
2013-08-01,74.459999,75.50,74.32,75.290001,4316200,37.361759
2013-07-31,73.129997,74.260002,72.510002,72.709999,8987800,36.081464
2013-07-30,73.349998,73.540001,72.150002,72.699997,6616600,36.076501
2013-07-29,72.800003,73.269997,72.040001,72.610001,4580600,36.031841
2013-07-26,72.199997,73.400002,71.269997,73.339996,5736800,36.394093
2013-07-25,72.18,73.300003,71.839996,73.099998,6248000,36.274997
2013-07-24,74.269997,74.349998,72.160004,72.650002,7182400,36.051691
2013-07-23,74.290001,74.339996,73.300003,73.459999,3741800,36.453643
2013-07-22,73.75,74.199997,73.260002,73.900002,4481200,36.671988
2013-07-19,72.57,73.519997,72.349998,73.519997,4157000,36.483416
2013-07-18,72.32,73.57,72.209999,73.040001,7458400,36.245223
2013-07-17,72.199997,72.529999,71.599998,71.870003,5632800,35.664626
2013-07-16,72.300003,72.400002,70.790001,71.379997,7942600,35.421467
2013-07-15,71.940002,72.470001,71.57,72.260002,4131000,35.858158
2013-07-12,71.209999,71.779999,70.870003,71.330002,4931000,35.396657
2013-07-11,70.82,71.449997,70.129997,71.309998,7946600,35.38673
2013-07-10,68.18,69.150002,67.769997,68.419998,8938200,33.952603
2013-07-09,68.18,68.650002,67.349998,68.279999,7430600,33.88313
2013-07-08,66.879997,67.470001,66.489998,66.93,6707000,33.213209
2013-07-05,65.199997,65.879997,63.77,65.82,7446400,32.662385
2013-07-03,62.799999,64.330002,62.48,63.830002,3584600,31.674872
2013-07-02,63.57,64.970001,62.830002,63.630001,8938000,31.575624
2013-07-01,63.779999,65.169998,63.52,63.880001,7199000,31.699684
2013-06-28,63.02,63.950001,62.110001,62.459999,11477600,30.995025
2013-06-27,63.59,64.410004,63.400002,63.610001,8446600,31.565699
2013-06-26,62.209999,62.869999,61.439999,62.419998,9871600,30.975175
2013-06-25,60.59,61.360001,59.43,60.73,9393600,30.124128
2013-06-24,59.419998,60.59,57.48,58.959999,12461600,29.246148
2013-06-21,61.939999,62.139999,59.470001,61.259998,19601200,30.387025
2013-06-20,63.75,64.019997,60.27,60.759998,16005800,30.139008
2013-06-19,68.290001,68.620003,65.57,65.709999,8913200,32.594376
2013-06-18,67.019997,68.769997,67.010002,68.470001,5559600,33.96343
2013-06-17,66.720001,67.830002,65.830002,66.940002,6740000,33.204499
2013-06-14,66.400002,67.190002,65.059998,65.43,6642200,32.455487
2013-06-13,63.619999,66.980003,63.200001,66.68,7764400,33.075529
2013-06-12,66.760002,66.910004,63.560001,63.73,7459000,31.612229
2013-06-11,65.529999,67.169998,64.93,65.440002,6075400,32.460448
2013-06-10,68.139999,68.209999,66.919998,67.449997,4348600,33.457473
2013-06-07,132.669998,135.259995,130.910004,134.889999,26092000,33.454995
2013-06-06,126.43,129.970001,124.139999,129.889999,8294000,32.21491
2013-06-05,131.00,131.759995,126.220001,126.300003,7608000,31.324531
2013-06-04,134.240005,135.880005,130.089996,132.210007,6569600,32.790311
2013-06-03,132.830002,134.289993,129.960007,133.979996,9113200,33.229298
2013-05-31,136.690002,139.029999,131.369995,131.860001,5515600,32.703504
2013-05-30,136.699997,139.740005,136.380005,137.899994,3899600,34.201524
2013-05-29,136.899994,137.789993,134.149994,137.270004,7767600,34.045276
2013-05-28,141.00,142.75,137.869995,139.089996,5502000,34.496665
2013-05-24,134.589996,136.690002,133.360001,136.550003,4534000,33.866704
2013-05-23,133.800003,138.110001,133.199997,137.039993,8349200,33.988229
2013-05-22,141.770004,146.139999,136.270004,138.139999,13787200,34.261049
2013-05-21,141.179993,142.949997,139.669998,141.410004,6194400,35.072066
2013-05-20,140.389999,142.419998,139.929993,140.850006,4936000,34.933177
2013-05-17,138.309998,141.029999,137.820007,140.889999,5193600,34.943096
2013-05-16,137.979996,139.389999,136.220001,136.800003,4614000,33.928708
2013-05-15,135.949997,139.600006,135.800003,138.770004,5090000,34.417301
2013-05-14,132.889999,136.880005,132.789993,136.669998,4452400,33.896464
2013-05-13,131.660004,133.119995,130.75,132.490005,4315200,32.859756
2013-05-10,131.149994,132.369995,130.009995,132.270004,3838400,32.805192
2013-05-09,131.779999,132.869995,129.910004,131.029999,5621200,32.497649
2013-05-08,129.869995,132.139999,129.610001,132.070007,4084400,32.755589
2013-05-07,129.089996,130.369995,128.059998,130.25,4818800,32.304197
2013-05-06,127.599998,128.850006,127.480003,128.369995,4248400,31.837924
2013-05-03,126.830002,128.529999,126.57,127.330002,5160400,31.579988
2013-05-02,121.099998,123.870003,120.82,123.599998,4605200,30.654884
2013-05-01,122.699997,122.839996,119.82,120.169998,5400000,29.804186
2013-04-30,122.559998,123.589996,121.019997,123.459999,4265200,30.620162
2013-04-29,121.150002,123.419998,120.68,122.650002,3774400,30.419269
2013-04-26,120.410004,121.019997,119.059998,120.220001,3956400,29.816588
2013-04-25,120.470001,122.519997,119.910004,120.989998,5862800,30.00756
2013-04-24,119.290001,120.32,118.620003,119.50,4537200,29.638015
2013-04-23,117.370003,119.519997,115.639999,119.269997,7625200,29.580971
2013-04-22,114.830002,116.43,112.529999,115.790001,6084400,28.717873
2013-04-19,111.940002,114.269997,111.160004,114.120003,9236000,28.303685
2013-04-18,113.980003,114.00,109.940002,111.260002,9357600,27.594357
2013-04-17,116.010002,116.089996,111.519997,113.349998,13058800,28.112711
2013-04-16,116.190002,118.739998,115.290001,118.480003,16420400,29.385039
2013-04-15,120.220001,120.510002,113.50,113.760002,14458400,28.214399
2013-04-12,121.75,122.629997,120.019997,122.07,8316000,30.275419
2013-04-11,121.779999,124.129997,121.459999,123.059998,10019200,30.520955
2013-04-10,118.43,122.160004,118.290001,121.900002,6596800,30.233256
2013-04-09,116.860001,118.699997,115.739998,117.510002,5756000,29.144462
2013-04-08,114.190002,116.269997,113.040001,116.00,4108800,28.769956
2013-04-05,111.32,114.349998,110.849998,113.879997,6633600,28.24416
2013-04-04,114.57,116.169998,113.800003,115.529999,8376000,28.653388
2013-04-03,117.900002,118.169998,113.209999,113.989998,8009200,28.271442
2013-04-02,117.220001,118.589996,116.739998,117.589996,5297600,29.164302
2013-04-01,117.300003,117.940002,115.139999,115.959999,4682000,28.760035
2013-03-28,116.139999,117.809998,115.660004,117.080002,3460800,29.037815
2013-03-27,114.25,116.470001,113.68,116.300003,5593200,28.844362
2013-03-26,115.07,116.449997,114.68,116.449997,3807600,28.881563
2013-03-25,116.00,116.57,112.309998,113.82,6271200,28.229279
2013-03-22,113.400002,115.00,113.190002,114.959999,3999200,28.512018
2013-03-21,113.25,114.470001,111.809998,112.360001,5431600,27.867175
2013-03-20,114.959999,115.879997,114.389999,115.290001,4715600,28.593864
2013-03-19,114.459999,114.970001,110.790001,112.970001,6950000,28.014745
2013-03-18,112.470001,115.290001,112.099998,113.709999,4582400,28.198253
2013-03-15,115.849998,116.199997,114.559998,115.709999,4104000,28.694221
2013-03-14,115.25,116.32,115.059998,116.160004,3800800,28.805815
2013-03-13,114.099998,114.849998,112.93,114.290001,3542800,28.342084
2013-03-12,114.449997,114.809998,112.879997,113.839996,4393200,28.23049
2013-03-11,113.209999,114.709999,112.75,114.650002,3103200,28.431358
2013-03-08,113.419998,113.849998,111.709999,113.449997,6407600,28.133776
2013-03-07,111.830002,112.419998,111.43,112.040001,3536400,27.78412
2013-03-06,112.129997,112.290001,110.650002,111.419998,4828800,27.630369
2013-03-05,109.580002,111.790001,109.540001,110.849998,6943200,27.489019
2013-03-04,105.559998,107.989998,105.080002,107.849998,5237600,26.745067
2013-03-01,104.220001,106.769997,102.769997,106.449997,8209600,26.397889
2013-02-28,105.889999,107.919998,104.93,105.459999,6032800,26.152385
2013-02-27,101.839996,106.769997,101.550003,105.879997,8014800,26.256538
2013-02-26,101.470001,102.389999,99.480003,102.099998,7893200,25.319159
2013-02-25,107.550003,108.059998,100.040001,100.059998,9476800,24.813272
2013-02-22,104.580002,106.050003,103.760002,106.050003,3982800,26.298697
2013-02-21,104.169998,104.199997,102.050003,103.040001,7614400,25.552265
2013-02-20,108.790001,108.900002,104.860001,104.870003,8070800,26.006076
2013-02-19,107.199997,109.120003,107.190002,108.900002,3655200,27.005451
2013-02-15,107.360001,107.660004,105.480003,106.779999,3792800,26.479724
2013-02-14,105.82,107.419998,105.410004,107.120003,3397600,26.56404
2013-02-13,107.160004,107.720001,105.860001,106.790001,4087200,26.482204
2013-02-12,106.00,107.059998,105.650002,106.419998,4679600,26.39045
2013-02-11,105.940002,106.220001,105.190002,105.900002,5108000,26.261499
2013-02-08,104.919998,106.220001,104.870003,106.050003,5018800,26.298697
2013-02-07,104.870003,105.099998,102.059998,104.389999,6550000,25.887043
2013-02-06,103.419998,104.940002,103.18,104.699997,6216800,25.963917
2013-02-05,103.139999,105.370003,103.00,104.489998,6724800,25.911841
2013-02-04,103.099998,103.599998,101.239998,101.440002,5987600,25.155491
2013-02-01,103.82,105.339996,103.279999,104.940002,5678000,26.023434
2013-01-31,102.290001,103.220001,101.650002,101.830002,3868800,25.252204
2013-01-30,103.839996,104.400002,102.32,102.669998,4982800,25.46051
2013-01-29,102.059998,104.239998,101.830002,103.779999,4354000,25.735772
2013-01-28,103.110001,103.139999,101.489998,102.580002,3260400,25.438192
2013-01-25,102.330002,102.980003,101.410004,102.959999,4547600,25.532425
2013-01-24,100.709999,102.769997,100.480003,101.239998,6122800,25.105893
2013-01-23,100.779999,101.470001,100.199997,101.080002,7068800,25.066216
2013-01-22,99.160004,100.699997,98.459999,100.620003,5573200,24.952144
2013-01-18,98.470001,99.440002,97.389999,99.220001,6421200,24.604966
2013-01-17,97.910004,99.330002,97.290001,98.360001,5842400,24.3917
2013-01-16,96.139999,97.07,95.769997,96.589996,4892800,23.952767
2013-01-15,95.169998,96.93,94.980003,96.599998,5488400,23.955248
2013-01-14,96.349998,96.68,95.43,96.379997,5242800,23.900691
2013-01-11,96.730003,96.849998,95.800003,96.809998,5087200,24.007324
2013-01-10,96.050003,96.730003,94.559998,96.599998,7532000,23.955248
2013-01-09,94.400002,95.25,93.949997,94.550003,6994400,23.446882
2013-01-08,94.089996,94.480003,92.699997,93.709999,8048400,23.238574
2013-01-07,94.379997,94.860001,93.529999,94.75,5436400,23.496478
2013-01-04,94.559998,95.830002,94.00,95.449997,8182800,23.670066
2013-01-03,94.620003,95.360001,93.339996,94.040001,7001200,23.320409
2013-01-02,93.040001,94.849998,92.339996,94.809998,11546000,23.511356
2012-12-31,83.330002,88.279999,82.910004,88.25,16229600,21.884582
2012-12-28,84.949997,86.309998,83.550003,83.669998,10440400,20.748815
2012-12-27,87.059998,87.580002,83.620003,86.660004,9298800,21.490288
2012-12-26,88.68,88.739998,86.220001,86.870003,4647600,21.542365
2012-12-24,88.379997,88.529999,87.82,87.860001,2420800,21.783653
2012-12-21,87.75,89.540001,87.360001,89.040001,7960800,22.076217
2012-12-20,90.00,91.459999,89.269997,91.43,5566000,22.668784
2012-12-19,92.190002,92.349998,89.82,90.07,7726000,22.331591
2012-12-18,89.339996,92.190002,89.00,92.00,8356800,22.810107
2012-12-17,86.620003,89.089996,86.529999,88.889999,5884400,22.039027
2012-12-14,86.300003,86.790001,85.50,85.860001,5702000,21.287781
2012-12-13,88.400002,89.110001,86.230003,87.040001,6282000,21.580345
2012-12-12,89.449997,90.43,88.169998,88.580002,8454000,21.962167
2012-12-11,87.730003,89.610001,87.57,88.379997,7342800,21.912579
2012-12-10,86.169998,87.239998,86.010002,86.699997,5284800,21.496046
2012-12-07,86.809998,87.010002,85.160004,86.449997,7630800,21.434062
2012-12-06,84.639999,85.82,84.269997,85.699997,6259200,21.24811
2012-12-05,84.68,86.050003,82.839996,84.760002,7596000,21.015052
2012-12-04,84.75,85.510002,83.709999,84.309998,13904400,20.903479
2012-12-03,87.269997,87.470001,84.599998,84.730003,7448000,21.007614
2012-11-30,86.010002,86.550003,85.199997,85.849998,6388400,21.285301
2012-11-29,85.809998,86.730003,84.709999,86.120003,11480800,21.352245
2012-11-28,81.779999,84.970001,80.489998,84.82,8046800,21.029927
2012-11-27,83.879997,84.699997,82.650002,82.980003,6507200,20.573726
2012-11-26,83.410004,84.199997,82.57,84.160004,4576400,20.866291
2012-11-23,82.589996,84.760002,82.400002,84.650002,6023200,20.987779
2012-11-21,81.129997,81.550003,80.639999,81.459999,4112800,20.196862
2012-11-20,80.440002,81.300003,79.00,81.029999,6911200,20.09025
2012-11-19,78.760002,80.769997,78.629997,80.660004,9060400,19.998515
2012-11-16,75.360001,76.620003,73.410004,76.150002,13449600,18.880323
2012-11-15,75.50,76.389999,74.18,75.07,8958800,18.612552
2012-11-14,79.410004,79.739998,74.93,75.510002,10594400,18.721644
2012-11-13,78.199997,81.169998,77.889999,78.720001,8487600,19.517518
2012-11-12,80.080002,80.410004,78.970001,79.449997,3525600,19.698511
2012-11-09,78.389999,81.50,78.260002,79.150002,8906400,19.624131
2012-11-08,82.080002,83.269997,78.989998,78.989998,9334800,19.58446
2012-11-07,85.690002,85.690002,80.849998,82.07,12511200,20.348103
2012-11-06,86.82,89.050003,86.550003,87.940002,5516400,21.803488
2012-11-05,85.160004,86.629997,84.370003,86.040001,5002400,21.332409
2012-11-02,89.470001,89.50,85.239998,85.410004,5542000,21.17621
2012-11-01,85.779999,88.209999,85.540001,87.900002,5969600,21.79357
2012-10-31,86.220001,86.459999,84.00,84.989998,3334800,21.072076
2012-10-26,85.18,86.099998,83.50,85.220001,9439200,21.129102
2012-10-25,86.50,86.889999,83.860001,85.389999,9428400,21.171251
2012-10-24,86.309998,86.599998,84.25,84.68,7662000,20.995216
2012-10-23,86.190002,86.580002,84.309998,85.419998,12856000,21.178688
2012-10-22,88.660004,89.589996,86.980003,89.059998,8848800,22.081175
2012-10-19,93.199997,93.199997,88.419998,88.870003,9349200,22.034069
2012-10-18,93.800003,95.110001,92.809998,93.769997,9448400,23.248953
2012-10-17,93.50,94.739998,93.00,94.459999,8600400,23.42003
2012-10-16,91.75,93.449997,91.599998,93.220001,7417600,23.11259
2012-10-15,88.949997,90.75,88.139999,90.529999,4204400,22.445641
2012-10-12,89.370003,90.269997,87.720001,88.139999,5401600,21.853075
2012-10-11,90.879997,91.290001,89.199997,89.230003,6252400,22.123326
2012-10-10,90.779999,90.959999,88.669998,89.139999,9038800,22.10101
2012-10-09,93.25,93.580002,90.690002,90.760002,5582800,22.502667
2012-10-08,93.449997,94.029999,92.93,93.449997,2366800,23.169614
2012-10-05,96.099998,96.50,93.699997,94.459999,6059600,23.42003
2012-10-04,93.599998,94.910004,93.209999,94.57,6943600,23.447303
2012-10-03,92.080002,93.190002,90.699997,92.489998,7832400,22.931596
2012-10-02,92.199997,92.68,90.169998,91.379997,14192800,22.656386
2012-10-01,91.510002,93.669998,90.540001,90.980003,8632400,22.557214
2012-09-28,90.610001,91.550003,89.470001,90.379997,7244400,22.408451
2012-09-27,90.339996,92.32,89.620003,91.809998,4875600,22.762999
2012-09-26,90.739998,90.739998,88.559998,89.190002,6996000,22.113408
2012-09-25,94.360001,94.849998,90.669998,90.809998,8808400,22.515063
2012-09-24,92.800003,94.360001,92.559998,93.690002,6268800,23.22912
2012-09-21,95.650002,95.739998,94.080002,94.099998,4805600,23.330773
2012-09-20,92.93,94.470001,92.199997,94.300003,5416000,23.380361
2012-09-19,94.449997,95.199997,93.760002,94.309998,6583200,23.382839
2012-09-18,94.00,94.510002,93.410004,94.160004,5800000,23.34565
2012-09-17,94.760002,95.269997,93.660004,94.50,6178400,23.429947
2012-09-14,94.589996,97.019997,94.410004,95.349998,19056800,23.640693
2012-09-13,89.870003,94.919998,89.50,94.190002,15263600,23.353088
2012-09-12,89.919998,90.239998,89.029999,89.870003,5982400,22.282005
2012-09-11,88.540001,89.919998,88.43,89.019997,4847200,22.071258
2012-09-10,89.559998,90.07,88.230003,88.339996,5224400,21.902661
2012-09-07,89.269997,89.959999,89.040001,89.900002,5250400,22.289442
2012-09-06,85.239998,88.809998,85.220001,88.720001,10244000,21.996878
2012-09-05,84.050003,84.699997,83.209999,83.690002,5352000,20.74976
2012-09-04,83.940002,84.699997,82.339996,83.660004,7228400,20.742323
2012-08-31,84.43,85.330002,82.769997,84.059998,10206400,20.841495
2012-08-30,83.68,83.790001,82.449997,82.959999,6424000,20.568766
2012-08-29,84.889999,85.519997,84.139999,84.790001,4737200,21.022489
2012-08-28,84.230003,85.43,83.830002,84.620003,5568400,20.980341
2012-08-27,85.519997,85.870003,84.540001,84.879997,4670000,21.044803
2012-08-24,82.730003,85.370003,82.540001,84.879997,6571600,21.044803
2012-08-23,84.830002,84.830002,82.940002,83.349998,6443200,20.665461
2012-08-22,84.699997,85.870003,84.129997,85.339996,5799200,21.158853
2012-08-21,86.779999,87.75,84.800003,85.339996,7439600,21.158853
2012-08-20,85.760002,86.18,85.040001,86.129997,4051600,21.354723
2012-08-17,86.260002,86.32,85.540001,86.099998,4575600,21.347285
2012-08-16,84.18,86.07,83.650002,85.68,7035600,21.243152
2012-08-15,83.400002,84.330002,83.230003,83.870003,6301200,20.794389
2012-08-14,84.57,84.68,82.919998,83.650002,6715200,20.739843
2012-08-13,83.330002,83.730003,82.309998,83.589996,5560800,20.724965
2012-08-10,82.400002,83.82,81.919998,83.699997,5267600,20.752238
2012-08-09,82.730003,83.82,82.510002,83.330002,6238400,20.660503
2012-08-08,81.989998,83.389999,81.910004,83.099998,4732800,20.603477
2012-08-07,82.580002,83.860001,82.559998,82.739998,7634400,20.51422
2012-08-06,81.779999,82.550003,81.489998,81.510002,4768400,20.20926
2012-08-03,79.849998,81.610001,79.699997,81.110001,12484000,20.110085
2012-08-02,76.470001,78.139999,74.760002,76.57,8742800,18.984456
2012-08-01,80.059998,80.110001,77.860001,78.309998,6674800,19.415864
2012-07-31,79.779999,80.419998,78.650002,78.910004,7921600,19.564627
2012-07-30,79.860001,81.230003,79.360001,80.010002,7352800,19.837356
2012-07-27,77.07,80.739998,76.730003,80.190002,12191200,19.881984
2012-07-26,75.459999,76.360001,74.449997,75.849998,10487200,18.805941
2012-07-25,72.779999,73.309998,71.169998,72.300003,13325200,17.92577
2012-07-24,74.360001,74.449997,70.800003,72.360001,10951600,17.940646
2012-07-23,73.150002,74.830002,72.110001,74.18,11862000,18.391889
2012-07-20,77.370003,77.709999,76.269997,76.519997,6878000,18.972058
2012-07-19,78.580002,79.470001,77.82,78.650002,9026000,19.500163
2012-07-18,75.870003,78.519997,75.730003,78.120003,9010400,19.368757
2012-07-17,75.779999,76.860001,73.400002,76.379997,11379600,18.937347
2012-07-16,74.830002,75.529999,73.959999,74.769997,6522000,18.53817
2012-07-13,72.360001,75.620003,72.300003,75.400002,8339200,18.694371
2012-07-12,71.540001,72.720001,70.309998,71.860001,9669200,17.816678
2012-07-11,72.940002,73.559998,71.589996,72.800003,11440000,18.049738
2012-07-10,75.93,76.279999,72.050003,72.830002,10718800,18.057176
2012-07-09,74.93,75.18,73.739998,74.809998,7165200,18.548088
2012-07-06,75.07,75.529999,73.989998,75.040001,8607200,18.605114
2012-07-05,77.529999,78.330002,76.440002,77.230003,6118000,19.148094
2012-07-03,76.800003,78.50,76.529999,78.330002,3930400,19.420823
2012-07-02,76.769997,77.050003,75.199997,76.779999,6060400,19.036522
2012-06-29,74.699997,76.360001,74.169998,76.230003,11830000,18.900158
2012-06-28,70.029999,71.169998,68.419998,70.839996,11107200,17.563782
2012-06-27,70.269997,71.860001,70.150002,71.510002,7228000,17.7299
2012-06-26,69.080002,70.230003,67.980003,69.589996,7529200,17.253862
2012-06-25,69.779999,69.82,67.790001,68.480003,7812800,16.978655
2012-06-22,71.519997,72.419998,70.699997,72.00,7468000,17.851388
2012-06-21,75.760002,75.970001,70.209999,70.389999,13337200,17.452211
2012-06-20,75.889999,76.50,73.760002,75.440002,11388400,18.704289
2012-06-19,74.889999,76.769997,74.629997,75.860001,8391200,18.801975
2012-06-18,72.400002,74.290001,71.919998,73.669998,11830000,18.25918
2012-06-15,72.050003,73.480003,71.510002,73.220001,8040000,18.147648
2012-06-14,69.370003,71.959999,68.800003,71.18,11400000,17.642032
2012-06-13,69.650002,70.989998,68.239998,68.959999,9095200,17.091803
2012-06-12,68.529999,70.419998,67.589996,70.419998,12498400,17.453665
2012-06-11,72.389999,72.50,67.769997,68.010002,12080800,16.856345
2012-06-08,68.519997,70.690002,67.82,70.629997,8512000,17.505713
2012-06-07,71.230003,71.339996,68.589996,68.949997,13788800,17.089324
2012-06-06,65.889999,68.989998,65.849998,68.980003,15956400,17.096761
2012-06-05,62.73,64.82,62.650002,64.419998,12243200,15.966559
2012-06-04,63.57,64.050003,61.689999,63.200001,13405600,15.664181
2012-06-01,65.18,65.849998,63.220001,63.220001,21974400,15.669139
2012-05-31,68.790001,69.93,66.599998,68.410004,16774400,16.955486
2012-05-30,70.139999,70.220001,68.400002,68.800003,11695600,17.052147
2012-05-29,71.190002,72.339996,70.470001,71.970001,10365200,17.837835
2012-05-25,70.059998,70.650002,68.970001,69.519997,9076000,17.230599
2012-05-24,70.309998,70.650002,68.389999,70.150002,13227600,17.386746
2012-05-23,68.169998,70.059998,66.150002,69.669998,14000000,17.267777
2012-05-22,69.809998,71.279999,68.290001,69.379997,11380000,17.1959
2012-05-21,66.489998,69.349998,66.199997,69.300003,10042800,17.176073
2012-05-18,68.410004,68.75,65.580002,65.849998,12082400,16.320986
2012-05-17,70.830002,71.07,67.519997,67.519997,13988000,16.734897
2012-05-16,72.599998,73.540001,70.760002,70.809998,9267600,17.550327
2012-05-15,72.720001,74.00,71.290001,71.639999,10866800,17.756043
2012-05-14,73.230003,74.400002,72.540001,72.870003,9804000,18.060901
2012-05-11,74.629997,77.50,74.57,75.339996,8428400,18.673091
2012-05-10,77.230003,77.459999,75.580002,76.040001,7501200,18.846588
2012-05-09,74.589996,77.080002,73.510002,75.550003,12132400,18.725141
2012-05-08,76.589996,77.379997,74.25,76.980003,10486000,19.079568
2012-05-07,76.949997,78.730003,76.849998,77.910004,7064400,19.31007
2012-05-04,80.480003,80.699997,77.650002,77.800003,8957200,19.282806
2012-05-03,83.739998,83.879997,81.300003,81.830002,7731600,20.281645
2012-05-02,82.970001,83.919998,82.139999,83.669998,6714000,20.73769
2012-05-01,82.730003,86.07,82.470001,84.330002,6606400,20.901273
2012-04-30,83.269997,83.510002,82.199997,82.769997,7050400,20.514624
2012-04-27,84.190002,84.529999,82.809998,83.800003,7686400,20.769912
2012-04-26,81.190002,83.699997,81.040001,83.419998,7414000,20.675727
2012-04-25,80.809998,81.809998,80.57,81.800003,10872800,20.27421
2012-04-24,77.800003,79.099998,77.650002,78.550003,9191600,19.468694
2012-04-23,77.160004,77.82,76.150002,77.650002,10413600,19.245628
2012-04-20,80.25,81.160004,79.529999,79.589996,8202800,19.726458
2012-04-19,80.870003,81.720001,78.129997,79.260002,14584800,19.644668
2012-04-18,80.559998,81.599998,80.379997,80.760002,10491200,20.016445
2012-04-17,79.540001,82.099998,79.269997,81.529999,12424400,20.207289
2012-04-16,79.529999,79.849998,77.349998,78.010002,16452000,19.334855
2012-04-13,80.650002,80.699997,78.120003,78.230003,13469200,19.389382
2012-04-12,78.370003,81.400002,78.239998,81.330002,17286800,20.15772
2012-04-11,78.709999,79.080002,77.760002,77.940002,15390400,19.317505
2012-04-10,79.900002,80.589996,76.099998,76.330002,23688000,18.918465
2012-04-09,79.989998,81.370003,79.709999,80.459999,11234400,19.942089
2012-04-05,82.510002,83.940002,82.239998,83.190002,8770400,20.618723
2012-04-04,83.910004,84.199997,82.400002,83.379997,12551600,20.665813
2012-04-03,86.529999,87.029999,84.360001,85.870003,12217600,21.282963
2012-04-02,84.75,87.610001,84.290001,86.889999,10262000,21.535771
2012-03-30,85.330002,85.50,83.75,84.790001,10673200,21.015284
2012-03-29,82.970001,84.389999,81.989998,84.029999,14420000,20.826917
2012-03-28,85.690002,86.040001,83.00,84.489998,12943200,20.940928
2012-03-27,86.830002,87.00,85.610001,85.75,9463600,21.253221
2012-03-26,84.839996,87.169998,84.779999,86.519997,11135600,21.444065
2012-03-23,82.550003,83.349998,81.150002,83.059998,8731600,20.586501
2012-03-22,82.239998,82.900002,81.470001,82.25,10189600,20.385742
2012-03-21,84.650002,84.900002,83.610001,84.129997,8992800,20.851701
2012-03-20,83.849998,84.830002,83.099998,84.489998,7099600,20.940928
2012-03-19,84.150002,86.050003,83.959999,85.300003,8083200,21.141688
2012-03-16,84.410004,84.610001,83.760002,84.389999,9068000,20.916143
2012-03-15,82.900002,84.019997,82.239998,83.839996,7104800,20.779824
2012-03-14,82.910004,83.449997,81.75,82.489998,7184800,20.445226
2012-03-13,79.800003,82.860001,79.400002,82.830002,8921600,20.529496
2012-03-12,78.440002,78.809998,77.669998,78.519997,5228800,19.461257
2012-03-09,78.010002,79.099998,77.75,78.489998,6314800,19.453822
2012-03-08,76.739998,78.050003,76.269997,77.620003,6063200,19.238193
2012-03-07,74.349998,75.709999,74.099998,75.360001,8058400,18.678049
2012-03-06,74.839996,74.959999,73.160004,73.779999,13661600,18.286444
2012-03-05,77.809998,77.980003,76.440002,77.220001,11544400,19.139052
2012-03-02,78.769997,79.050003,77.68,78.239998,6856800,19.391859
2012-03-01,78.169998,79.360001,77.889999,78.959999,12867200,19.570312
2012-02-29,79.00,79.709999,76.959999,77.580002,15926800,19.228279
2012-02-28,78.080002,78.809998,77.57,78.620003,10550000,19.486044
2012-02-27,76.050003,78.580002,75.639999,77.879997,8922000,19.302633
2012-02-24,77.57,78.029999,77.07,77.529999,6571600,19.215885
2012-02-23,75.940002,77.209999,75.169998,77.139999,8602800,19.119224
2012-02-22,76.440002,76.940002,75.669998,75.989998,9556800,18.834195
2012-02-21,77.220001,77.800003,76.110001,76.860001,8720800,19.049826
2012-02-17,76.889999,77.00,75.980003,76.739998,6738400,19.020083
2012-02-16,73.669998,76.300003,73.309998,76.019997,10944800,18.84163
2012-02-15,75.50,75.779999,73.209999,73.639999,17608800,18.251745
2012-02-14,74.389999,74.839996,73.169998,74.709999,14080400,18.516946
2012-02-13,74.940002,75.25,74.00,75.00,7650400,18.588823
2012-02-10,72.980003,73.550003,72.510002,73.50,13380000,18.217046
2012-02-09,75.129997,75.389999,73.730003,74.970001,11734000,18.581387
2012-02-08,74.25,74.809998,73.300003,74.660004,11770400,18.504554
2012-02-07,73.07,74.449997,72.25,74.120003,14466400,18.370715
2012-02-06,72.800003,73.629997,72.529999,73.559998,8581200,18.231917
2012-02-03,72.870003,73.839996,72.50,73.730003,10541600,18.274053
2012-02-02,70.809998,71.25,70.00,70.720001,10166000,17.528021
2012-02-01,70.089996,71.410004,69.849998,70.339996,9988400,17.433836
2012-01-31,69.739998,69.93,67.599998,68.510002,13504000,16.98027
2012-01-30,67.349998,68.790001,66.620003,68.669998,9421200,17.019926
2012-01-27,68.50,69.75,68.349998,69.379997,10396800,17.1959
2012-01-26,71.559998,71.900002,68.660004,69.519997,15536400,17.230599
2012-01-25,68.529999,71.059998,67.760002,70.529999,12464000,17.480929
2012-01-24,67.82,68.919998,67.510002,68.839996,8515200,17.06206
2012-01-23,68.919998,70.099998,68.080002,69.040001,9363600,17.111631
2012-01-20,68.589996,68.989998,68.019997,68.980003,7714800,17.096761
2012-01-19,68.449997,69.019997,67.870003,68.830002,9244800,17.059583
2012-01-18,65.629997,67.879997,65.239998,67.769997,10282800,16.796859
2012-01-17,66.730003,67.099998,65.209999,65.580002,11533200,16.254067
2012-01-13,64.580002,65.199997,63.169998,65.199997,11855200,16.159882
2012-01-12,65.970001,66.150002,64.440002,65.900002,7876000,16.333379
2012-01-11,64.699997,65.68,64.400002,65.480003,8608000,16.229282
2012-01-10,65.720001,66.089996,65.080002,65.300003,12790800,16.184669
2012-01-09,63.66,63.919998,62.799999,63.639999,11431600,15.773236
2012-01-06,63.919998,63.939999,62.619999,63.330002,11575600,15.696402
2012-01-05,62.200001,63.990002,61.310001,63.799999,10310000,15.812892
2012-01-04,62.450001,63.360001,61.75,63.16,9590800,15.654267
2012-01-03,63.279999,64.150002,62.82,63.060001,10198400,15.629482
2011-12-30,60.84,61.240002,60.150002,60.150002,5988000,14.908236
2011-12-29,59.740002,61.099998,59.650002,60.950001,9588000,15.106517
2011-12-28,61.599998,61.619999,58.990002,59.27,9654000,14.690127
2011-12-27,61.110001,62.00,60.91,61.43,7049200,15.225485
2011-12-23,60.419998,61.41,60.009998,61.389999,7991200,15.215571
2011-12-22,58.889999,59.98,58.540001,59.98,10282000,14.866101
2011-12-21,57.880001,58.540001,56.290001,58.290001,14168800,14.447233
2011-12-20,55.610001,58.200001,55.610001,57.970001,13226000,14.367921
2011-12-19,55.490002,55.869999,52.779999,53.099998,9902400,13.160886
