Date,Open,High,Low,Close,Adj Close,Volume
2014-11-11,64.445000,64.665001,64.080002,64.213226,64.525002,556900
2014-11-12,null,null,null,null,null,null
2014-11-13,null,null,null,null,null,null
2014-11-14,null,null,null,null,null,null
2014-11-17,null,null,null,null,null,null
2014-11-18,null,null,null,null,null,null
2014-11-19,null,null,null,null,null,null
2014-11-20,null,null,null,null,null,null
2014-11-21,null,null,null,null,null,null
2014-11-24,null,null,null,null,null,null
2014-11-25,null,null,null,null,null,null
2014-11-26,67.485001,67.940002,67.235001,67.527145,67.855003,706900
2014-11-28,null,null,null,null,null,null
2014-12-01,null,null,null,null,null,null
2014-12-02,null,null,null,null,null,null
2014-12-03,67.410004,68.254997,67.245003,67.741096,68.070000,1001700
2014-12-04,67.680000,68.375000,66.849998,67.477379,67.805000,1145100
2014-12-05,null,null,null,null,null,null
2014-12-08,67.665001,68.239998,66.099998,66.457329,66.779999,1311900
2014-12-09,64.589996,66.735001,64.105003,66.258308,66.580002,1977600
2014-12-10,66.070000,66.114998,63.180000,63.123520,63.430000,1896900
2014-12-11,null,null,null,null,null,null
2014-12-12,62.915001,64.000000,61.209999,60.954052,61.250000,1762900
2014-12-15,62.264999,62.724998,59.275002,59.590672,59.880001,2317900
2014-12-16,null,null,null,null,null,null
2014-12-17,58.974998,62.404999,58.825001,61.789997,62.090000,2653800
2014-12-18,64.680000,66.555000,63.915001,66.193619,66.514999,2850400
2014-12-19,67.285004,68.190002,66.535004,67.049461,67.375000,2150600
2014-12-22,67.570000,68.275002,67.269997,67.941574,68.199997,975700
2014-12-23,68.989998,69.000000,68.305000,68.315140,68.574997,1051100
2014-12-24,68.824997,69.089996,68.500000,68.310165,68.570000,397200
2014-12-26,null,null,null,null,null,null
2014-12-29,68.945000,69.695000,68.860001,69.166916,69.430000,564700
2014-12-30,null,null,null,null,null,null
2014-12-31,68.724998,68.894997,66.175003,66.053741,66.305000,1440200
2015-01-02,67.125000,67.595001,64.964996,65.874435,66.125000,1636100
2015-01-05,64.934998,65.150002,62.230000,62.327919,62.564999,2575000
2015-01-06,62.924999,63.500000,59.939999,60.639339,60.869999,2920500
2015-01-07,null,null,null,null,null,null
2015-01-08,64.690002,66.675003,64.665001,66.193222,66.445000,2294000
2015-01-09,null,null,null,null,null,null
2015-01-12,null,null,null,null,null,null
2015-01-13,64.705002,65.925003,61.290001,62.492294,62.730000,2814600
2015-01-14,60.505001,61.814999,59.465000,61.396461,61.630001,3214200
2015-01-15,null,null,null,null,null,null
2015-01-16,null,null,null,null,null,null
2015-01-20,null,null,null,null,null,null
2015-01-21,null,null,null,null,null,null
2015-01-22,null,null,null,null,null,null
2015-01-23,null,null,null,null,null,null
2015-01-26,null,null,null,null,null,null
2015-01-27,null,null,null,null,null,null
2015-01-28,null,null,null,null,null,null
2015-01-29,null,null,null,null,null,null
2015-01-30,null,null,null,null,null,null
2015-02-02,null,null,null,null,null,null
2015-02-03,null,null,null,null,null,null
2015-02-04,null,null,null,null,null,null
2015-02-05,null,null,null,null,null,null
2015-02-06,null,null,null,null,null,null
2015-02-09,null,null,null,null,null,null
2015-02-10,null,null,null,null,null,null
2015-02-11,null,null,null,null,null,null
2015-02-12,null,null,null,null,null,null
2015-02-13,null,null,null,null,null,null
2015-02-17,null,null,null,null,null,null
2015-02-18,null,null,null,null,null,null
2015-02-19,null,null,null,null,null,null
2015-02-20,null,null,null,null,null,null
2015-02-23,null,null,null,null,null,null
2015-02-24,null,null,null,null,null,null
2015-02-25,null,null,null,null,null,null
2015-02-26,null,null,null,null,null,null
2015-02-27,null,null,null,null,null,null
2015-03-02,70.625000,71.904999,70.625000,71.567764,71.839996,854000
2015-03-03,null,null,null,null,null,null
2015-03-04,70.214996,70.309998,68.879997,69.749695,70.014999,1288800
2015-03-05,null,null,null,null,null,null
2015-03-06,null,null,null,null,null,null
2015-03-09,null,null,null,null,null,null
2015-03-10,null,null,null,null,null,null
2015-03-11,null,null,null,null,null,null
2015-03-12,null,null,null,null,null,null
2015-03-13,null,null,null,null,null,null
2015-03-16,null,null,null,null,null,null
2015-03-17,null,null,null,null,null,null
2015-03-18,null,null,null,null,null,null
2015-03-19,null,null,null,null,null,null
2015-03-20,null,null,null,null,null,null
2015-03-23,null,null,null,null,null,null
2015-03-24,null,null,null,null,null,null
2015-03-25,null,null,null,null,null,null
2015-03-26,null,null,null,null,null,null
2015-03-27,null,null,null,null,null,null
2015-03-30,null,null,null,null,null,null
2015-03-31,null,null,null,null,null,null
2015-04-01,null,null,null,null,null,null
2015-04-02,65.945000,67.214996,65.724998,66.372528,66.625000,1094700
2015-04-06,null,null,null,null,null,null
2015-04-07,null,null,null,null,null,null
2015-04-08,67.785004,68.680000,67.300003,67.931602,68.190002,2325200
2015-04-09,null,null,null,null,null,null
2015-04-10,null,null,null,null,null,null
2015-04-13,null,null,null,null,null,null
2015-04-14,null,null,null,null,null,null
2015-04-15,null,null,null,null,null,null
2015-04-16,70.195000,71.114998,69.949997,70.237823,70.504997,778500
2015-04-17,null,null,null,null,null,null
2015-04-20,null,null,null,null,null,null
2015-04-21,70.764999,70.934998,69.345001,69.420937,69.684998,906100
2015-04-22,null,null,null,null,null,null
2015-04-23,null,null,null,null,null,null
2015-04-24,null,null,null,null,null,null
2015-04-27,null,null,null,null,null,null
2015-04-28,null,null,null,null,null,null
2015-04-29,null,null,null,null,null,null
2015-04-30,null,null,null,null,null,null
2015-05-01,null,null,null,null,null,null
2015-05-04,71.214996,72.000000,71.074997,71.064682,71.334999,824000
2015-05-05,null,null,null,null,null,null
2015-05-06,null,null,null,null,null,null
2015-05-07,null,null,null,null,null,null
2015-05-08,null,null,null,null,null,null
2015-05-11,null,null,null,null,null,null
2015-05-12,69.485001,70.500000,68.485001,69.545456,69.809998,1678200
2015-05-13,null,null,null,null,null,null
2015-05-14,null,null,null,null,null,null
2015-05-15,null,null,null,null,null,null
2015-05-18,72.055000,73.275002,72.035004,72.688507,72.964996,702400
2015-05-19,null,null,null,null,null,null
2015-05-20,null,null,null,null,null,null
2015-05-21,null,null,null,null,null,null
2015-05-22,null,null,null,null,null,null
2015-05-26,null,null,null,null,null,null
2015-05-27,null,null,null,null,null,null
2015-05-28,null,null,null,null,null,null
2015-05-29,null,null,null,null,null,null
2015-06-01,null,null,null,null,null,null
2015-06-02,null,null,null,null,null,null
2015-06-03,71.699997,72.410004,71.070000,71.348610,71.620003,2523700
2015-06-04,null,null,null,null,null,null
2015-06-05,null,null,null,null,null,null
2015-06-08,null,null,null,null,null,null
2015-06-09,null,null,null,null,null,null
2015-06-10,null,null,null,null,null,null
2015-06-11,null,null,null,null,null,null
2015-06-12,null,null,null,null,null,null
2015-06-15,null,null,null,null,null,null
2015-06-16,null,null,null,null,null,null
2015-06-17,null,null,null,null,null,null
2015-06-18,null,null,null,null,null,null
2015-06-19,null,null,null,null,null,null
2015-06-22,null,null,null,null,null,null
2015-06-23,72.699997,73.019997,72.150002,72.354774,72.629997,1261100
2015-06-24,null,null,null,null,null,null
2015-06-25,null,null,null,null,null,null
2015-06-26,null,null,null,null,null,null
2015-06-29,68.559998,69.339996,65.830002,65.703705,65.940002,5345500
2015-06-30,null,null,null,null,null,null
2015-07-01,null,null,null,null,null,null
2015-07-02,68.459999,68.650002,67.220001,67.427498,67.669998,2273700
2015-07-06,null,null,null,null,null,null
2015-07-07,null,null,null,null,null,null
2015-07-08,66.809998,67.150002,64.669998,64.707283,64.940002,5222500
2015-07-09,67.349998,67.599998,65.209999,65.026138,65.260002,3368600
2015-07-10,null,null,null,null,null,null
2015-07-13,null,null,null,null,null,null
2015-07-14,null,null,null,null,null,null
2015-07-15,null,null,null,null,null,null
2015-07-16,null,null,null,null,null,null
2015-07-17,null,null,null,null,null,null
2015-07-20,null,null,null,null,null,null
2015-07-21,72.559998,72.919998,71.529999,71.612450,71.870003,2043200
2015-07-22,null,null,null,null,null,null
2015-07-23,null,null,null,null,null,null
2015-07-24,70.370003,70.470001,67.720001,67.885849,68.129997,3251800
2015-07-27,67.099998,67.650002,66.410004,66.670227,66.910004,3002400
2015-07-28,null,null,null,null,null,null
2015-07-29,null,null,null,null,null,null
2015-07-30,null,null,null,null,null,null
2015-07-31,null,null,null,null,null,null
2015-08-03,null,null,null,null,null,null
2015-08-04,null,null,null,null,null,null
2015-08-05,null,null,null,null,null,null
2015-08-06,null,null,null,null,null,null
2015-08-07,null,null,null,null,null,null
2015-08-10,69.230003,70.580002,69.230003,70.197533,70.449997,2221400
2015-08-11,null,null,null,null,null,null
2015-08-12,67.029999,69.029999,65.330002,68.503632,68.750000,5092600
2015-08-13,null,null,null,null,null,null
2015-08-14,null,null,null,null,null,null
2015-08-17,null,null,null,null,null,null
2015-08-18,null,null,null,null,null,null
2015-08-19,68.910004,69.849998,67.220001,67.965569,68.209999,6316500
2015-08-20,66.419998,67.019997,63.840000,63.671013,63.900002,5711700
2015-08-21,null,null,null,null,null,null
2015-08-24,null,null,null,null,null,null
2015-08-25,56.009998,56.009998,48.759998,48.664978,48.840000,6697700
2015-08-26,52.660000,54.810001,49.799999,54.404335,54.599998,7728200
2015-08-27,null,null,null,null,null,null
2015-08-28,57.970001,59.130001,57.439999,58.479679,58.689999,6174600
2015-08-31,57.599998,58.500000,56.630001,56.995018,57.200001,3304500
2015-09-01,null,null,null,null,null,null
2015-09-02,null,null,null,null,null,null
2015-09-03,null,null,null,null,null,null
2015-09-04,null,null,null,null,null,null
2015-09-08,null,null,null,null,null,null
2015-09-09,null,null,null,null,null,null
2015-09-10,null,null,null,null,null,null
2015-09-11,null,null,null,null,null,null
2015-09-14,null,null,null,null,null,null
2015-09-15,null,null,null,null,null,null
2015-09-16,null,null,null,null,null,null
2015-09-17,null,null,null,null,null,null
2015-09-18,null,null,null,null,null,null
2015-09-21,null,null,null,null,null,null
2015-09-22,null,null,null,null,null,null
2015-09-23,54.500000,54.950001,53.470001,53.796524,53.990002,4566000
2015-09-24,null,null,null,null,null,null
2015-09-25,null,null,null,null,null,null
2015-09-28,null,null,null,null,null,null
2015-09-29,null,null,null,null,null,null
2015-09-30,51.200001,52.369999,50.500000,52.072720,52.259998,7673000
2015-10-01,null,null,null,null,null,null
2015-10-02,50.689999,55.000000,50.180000,54.683334,54.880001,7570000
2015-10-05,null,null,null,null,null,null
2015-10-06,null,null,null,null,null,null
2015-10-07,null,null,null,null,null,null
2015-10-08,null,null,null,null,null,null
2015-10-09,60.490002,60.939999,59.759998,60.193520,60.410000,3281800
2015-10-12,null,null,null,null,null,null
2015-10-13,null,null,null,null,null,null
2015-10-14,null,null,null,null,null,null
2015-10-15,null,null,null,null,null,null
2015-10-16,null,null,null,null,null,null
2015-10-19,null,null,null,null,null,null
2015-10-20,61.709999,62.639999,61.459999,61.688141,61.910000,1791400
2015-10-21,null,null,null,null,null,null
2015-10-22,61.860001,64.099998,61.700001,63.611225,63.840000,4798700
2015-10-23,65.809998,66.389999,64.879997,65.723625,65.959999,3502000
2015-10-26,65.849998,65.860001,65.099998,65.305138,65.540001,1984300
2015-10-27,64.800003,65.510002,64.389999,64.826843,65.059998,2283500
2015-10-28,65.500000,67.360001,64.760002,67.068787,67.309998,4363500
2015-10-29,66.709999,67.629997,66.629997,67.058823,67.300003,1735400
2015-10-30,67.470001,67.800003,66.150002,66.022560,66.260002,1836700
2015-11-02,66.690002,68.919998,66.580002,68.384056,68.629997,1949600
2015-11-03,68.309998,69.949997,68.040001,68.971947,69.220001,2435400
2015-11-04,69.629997,69.769997,68.059998,68.473740,68.720001,2484100
2015-11-05,68.709999,69.269997,67.440002,68.194740,68.440002,2243200
2015-11-06,68.000000,68.620003,66.809998,68.055244,68.300003,2409700
2015-11-09,67.650002,67.779999,65.330002,66.181976,66.419998,3159200
2015-11-10,65.879997,66.919998,65.570000,66.530716,66.769997,1629000
2015-11-11,67.199997,67.230003,66.000000,65.813309,66.050003,2257200
2015-11-12,64.900002,65.410004,63.310001,63.093090,63.320000,3116600
2015-11-13,62.869999,63.139999,61.070000,60.960758,61.180000,4171200
2015-11-16,60.980000,63.980000,60.849998,63.720829,63.950001,3355800
2015-11-17,64.360001,65.279999,63.270000,63.501617,63.730000,5204300
2015-11-18,64.389999,67.000000,64.300003,66.550652,66.790001,3724600
2015-11-19,66.699997,67.160004,66.349998,66.451012,66.690002,2279300
2015-11-20,67.580002,68.180000,66.970001,67.178391,67.419998,2121100
2015-11-23,67.489998,68.050003,66.650002,66.889435,67.129997,1482800
2015-11-24,66.019997,67.879997,65.540001,67.208282,67.449997,2960200
2015-11-25,67.589996,67.790001,67.099998,67.128586,67.370003,1063100
2015-11-27,67.459999,67.849998,66.959999,67.317894,67.559998,919500
2015-11-30,67.870003,67.949997,66.650002,66.560623,66.800003,1670100
2015-12-01,67.489998,68.820000,67.199997,68.443840,68.690002,2947100
2015-12-02,68.559998,68.989998,66.269997,66.271660,66.510002,2700100
2015-12-03,66.900002,67.150002,62.950001,63.511585,63.740002,4532500
2015-12-04,64.209999,67.820000,64.059998,67.228210,67.470001,3629600
2015-12-07,67.110001,67.110001,65.139999,66.002625,66.239998,2359500
2015-12-08,64.440002,65.940002,63.779999,64.667427,64.900002,2832300
2015-12-09,64.180000,66.529999,62.259998,63.192726,63.419998,4661200
2015-12-10,63.450001,65.290001,63.200001,63.561401,63.790001,2458600
2015-12-11,61.549999,62.250000,59.799999,59.834805,60.049999,5666400
2015-12-14,60.209999,61.130001,58.430000,60.871078,61.090000,4325100
2015-12-15,62.720001,63.939999,62.529999,62.744343,62.970001,4938900
2015-12-16,64.169998,66.050003,62.799999,65.484489,65.720001,4328400
2015-12-17,66.169998,66.169998,62.720001,62.574951,62.799999,4650400
2015-12-18,61.820000,62.000000,59.240002,59.027710,59.240002,5884100
2015-12-21,60.660000,61.000000,59.439999,60.641907,60.860001,2792900
2015-12-22,61.570000,62.650002,60.570000,62.270569,62.360001,3442400
2015-12-23,63.459999,64.690002,63.330002,64.547295,64.639999,2654100
2015-12-24,64.389999,64.919998,64.080002,64.097939,64.190002,931800
2015-12-28,63.500000,63.910000,62.689999,63.808361,63.900002,2284600
2015-12-29,65.050003,66.250000,65.050003,65.815475,65.910004,2770600
2015-12-30,65.669998,65.699997,64.349998,64.447441,64.540001,1639900
2015-12-31,63.820000,64.449997,62.560001,62.530193,62.619999,2862300
2016-01-04,59.360001,59.939999,57.700001,59.834061,59.919998,6658000
2016-01-05,60.299999,60.709999,59.060001,60.163589,60.250000,3500800
2016-01-06,57.529999,59.049999,56.860001,57.876877,57.959999,5555500
2016-01-07,54.990002,56.709999,53.380001,53.702869,53.779999,7084800
2016-01-08,54.820000,55.259998,51.720001,51.915440,51.990002,6244300
2016-01-11,52.840000,53.189999,50.290001,52.005310,52.080002,7917700
2016-01-12,53.520000,54.130001,51.349998,53.343388,53.419998,6532300
2016-01-13,54.080002,54.400002,49.029999,49.319168,49.389999,7606600
2016-01-14,50.000000,52.880001,48.480000,51.725712,51.799999,7103500
2016-01-15,47.689999,49.250000,46.650002,48.340572,48.410000,9698400
2016-01-19,50.169998,50.250000,47.230000,48.620171,48.689999,5539300
2016-01-20,46.389999,48.220001,43.220001,46.772823,46.840000,12839400
2016-01-21,47.310001,49.220001,46.070000,47.451851,47.520000,6150700
2016-01-22,49.919998,50.669998,49.250000,50.447548,50.520000,5093300
2016-01-25,50.000000,50.189999,48.029999,48.200775,48.270000,4085200
2016-01-26,48.799999,50.430000,48.500000,50.118019,50.189999,3735300
2016-01-27,49.720001,51.240002,47.680000,48.480370,48.549999,5969700
2016-01-28,49.869999,50.119999,47.770000,49.239285,49.310001,4425600
2016-01-29,50.000000,52.990002,49.900002,52.914005,52.990002,5154700
2016-02-01,51.840000,53.590000,51.360001,52.754234,52.830002,3263600
2016-02-02,51.340000,51.439999,49.470001,49.928291,50.000000,5012500
2016-02-03,50.970001,51.220001,47.549999,50.767090,50.840000,6995300
2016-02-04,50.389999,51.980000,49.799999,50.986774,51.060001,4974800
2016-02-05,50.549999,50.669998,47.580002,48.070961,48.139999,5319900
2016-02-08,46.439999,46.750000,44.220001,46.093800,46.160000,6338600
2016-02-09,44.639999,47.320000,44.560001,46.083813,46.150002,5705600
2016-02-10,46.990002,48.380001,45.970001,46.033886,46.099998,4762500
2016-02-11,43.889999,45.200001,42.980000,44.366280,44.430000,7730400
2016-02-12,45.790001,47.040001,45.090000,46.962551,47.029999,3909300
2016-02-16,48.700001,49.419998,47.799999,49.289211,49.360001,3854900
2016-02-17,50.480000,52.180000,50.369999,51.735699,51.810001,4602000
2016-02-18,52.080002,52.150002,50.889999,51.096615,51.169998,3324700
2016-02-19,50.480000,51.250000,49.880001,51.086628,51.160000,3101600
2016-02-22,52.599998,53.470001,52.570000,53.233543,53.310001,4138700
2016-02-23,52.720001,52.959999,51.209999,51.296326,51.369999,3909200
2016-02-24,49.910000,52.259998,48.900002,51.975349,52.049999,5844700
2016-02-25,52.439999,53.900002,51.709999,53.802727,53.880001,4345900
2016-02-26,54.770000,54.840000,53.380001,53.483189,53.560001,4664600
2016-02-29,53.639999,54.459999,52.099998,52.025280,52.099998,3488600
2016-03-01,53.450001,56.000000,53.000000,55.889732,55.970001,5087200
2016-03-02,55.660000,56.759998,55.220001,56.658630,56.740002,3503500
2016-03-03,56.500000,57.380001,55.950001,57.237793,57.320000,3381900
2016-03-04,57.599998,58.709999,56.740002,57.846920,57.930000,3784800
2016-03-07,57.029999,58.480000,56.900002,57.966743,58.049999,4308000
2016-03-08,56.959999,57.480000,56.000000,56.039513,56.119999,3629700
2016-03-09,57.000000,57.320000,56.169998,56.908272,56.990002,3131800
2016-03-10,57.470001,58.430000,55.270000,57.008125,57.090000,5626000
2016-03-11,58.560001,59.930000,58.490002,59.794121,59.880001,3690100
2016-03-14,59.330002,60.130001,59.009998,59.574436,59.660000,1979600
2016-03-15,58.660000,59.389999,58.380001,59.304829,59.389999,4183800
2016-03-16,58.820000,60.799999,58.810001,60.373291,60.459999,3472400
2016-03-17,60.310001,62.070000,59.880001,61.491688,61.580002,3269500
2016-03-18,62.000000,62.619999,61.750000,62.210651,62.299999,2473000
2016-03-21,61.959999,62.759998,61.750000,62.440319,62.529999,1960500
2016-03-22,61.680000,63.020000,61.520000,62.380409,62.470001,2649000
2016-03-23,62.000000,62.180000,60.980000,61.152176,61.240002,2288900
2016-03-24,60.020000,61.119999,59.840000,61.002388,61.090000,2676800
2016-03-28,61.549999,61.740002,60.730000,61.152176,61.240002,1784500
2016-03-29,60.730000,62.980000,60.430000,62.889675,62.980000,2687100
2016-03-30,63.930000,64.480003,63.330002,63.638599,63.730000,2222300
2016-03-31,63.639999,64.070000,63.049999,63.209217,63.299999,1709900
2016-04-01,62.119999,64.720001,61.830002,64.387527,64.480003,2215800
2016-04-04,64.500000,64.639999,63.560001,63.798370,63.889999,1973400
2016-04-05,62.500000,62.950001,61.709999,61.931053,62.020000,3144900
2016-04-06,62.099998,64.059998,61.799999,63.858284,63.950001,3001600
2016-04-07,62.779999,63.180000,60.910000,61.631485,61.720001,4233600
2016-04-08,62.950001,63.410000,61.630001,62.120781,62.209999,2708400
2016-04-11,62.930000,63.610001,61.660000,61.641472,61.730000,3719800
2016-04-12,61.959999,63.770000,61.480000,63.418915,63.509998,3436300
2016-04-13,64.410004,65.480003,64.330002,65.276253,65.370003,2783800
2016-04-14,65.480003,65.959999,65.019997,65.326172,65.419998,1476800
2016-04-15,65.389999,65.519997,64.800003,65.026604,65.120003,1070800
2016-04-18,64.540001,66.580002,64.440002,66.454559,66.550003,1821200
2016-04-19,67.019997,67.449997,66.260002,67.083656,67.180000,1974600
2016-04-20,67.230003,68.139999,66.690002,67.243423,67.339996,1360700
2016-04-21,67.360001,67.500000,65.970001,66.184944,66.279999,2063500
2016-04-22,65.879997,66.559998,65.260002,66.224884,66.320000,1835700
2016-04-25,65.620003,65.940002,64.919998,65.835449,65.930000,2063700
2016-04-26,66.300003,66.769997,65.680000,66.194931,66.290001,1567400
2016-04-27,65.790001,67.059998,65.389999,66.544426,66.639999,2026200
2016-04-28,65.769997,67.000000,64.339996,64.786949,64.879997,2533000
2016-04-29,64.099998,64.500000,62.540001,63.718487,63.810001,3727300
2016-05-02,64.330002,65.459999,63.840000,65.136459,65.230003,1898400
2016-05-03,63.889999,64.139999,62.730000,63.458858,63.549999,2774200
2016-05-04,62.450001,63.259998,61.939999,62.340466,62.430000,2763900
2016-05-05,62.980000,63.369999,61.980000,62.390396,62.480000,2572800
2016-05-06,61.630001,63.160000,61.450001,62.999519,63.090000,2518600
2016-05-09,62.919998,63.730000,62.790001,63.239178,63.330002,2234700
2016-05-10,64.000000,65.639999,63.959999,65.525894,65.620003,1758200
2016-05-11,65.099998,65.500000,63.779999,63.728474,63.820000,2528900
2016-05-12,64.559998,64.680000,62.730000,63.718487,63.810001,2728400
2016-05-13,63.520000,64.089996,61.810001,62.030907,62.119999,2421600
2016-05-16,62.330002,64.500000,62.279999,63.868271,63.959999,2321600
2016-05-17,63.700001,63.980000,61.619999,62.130768,62.220001,2627400
2016-05-18,61.810001,63.490002,61.090000,62.210651,62.299999,3025300
2016-05-19,61.470001,61.900002,60.299999,61.551598,61.639999,3186300
2016-05-20,62.290001,63.299999,62.189999,62.669991,62.759998,1946900
2016-05-23,62.759998,63.070000,62.279999,62.360439,62.450001,1497400
2016-05-24,63.380001,65.260002,63.340000,64.826889,64.919998,2561000
2016-05-25,65.660004,66.690002,65.610001,66.125031,66.220001,2069800
2016-05-26,66.419998,66.650002,65.959999,66.194931,66.290001,1124100
2016-05-27,66.470001,67.120003,66.430000,67.003769,67.099998,1063300
2016-05-31,67.470001,67.580002,66.129997,66.684227,66.779999,1625400
2016-06-01,66.059998,67.360001,65.849998,67.053703,67.150002,1188700
2016-06-02,66.709999,67.800003,66.169998,67.702774,67.800003,1113000
2016-06-03,67.120003,67.559998,65.790001,67.113609,67.209999,2651900
2016-06-06,67.580002,68.570000,67.400002,68.102188,68.199997,1607900
2016-06-07,68.360001,69.129997,68.339996,68.351830,68.449997,1259500
2016-06-08,68.639999,69.309998,68.519997,69.030853,69.129997,1145800
2016-06-09,68.320000,69.029999,68.029999,68.771233,68.870003,1445200
2016-06-10,67.250000,67.669998,66.309998,66.794067,66.889999,2670500
2016-06-13,66.180000,67.190002,65.269997,65.306213,65.400002,2374400
2016-06-14,64.959999,65.620003,63.919998,64.946724,65.040001,3546800
2016-06-15,65.410004,66.070000,64.480003,64.597229,64.690002,3300400
2016-06-16,63.680000,65.449997,62.650002,65.186378,65.279999,3113800
2016-06-17,65.190002,65.190002,63.810001,64.447441,64.540001,2812900
2016-06-20,66.699997,67.419998,65.680000,65.685661,65.779999,2455500
2016-06-21,66.199997,66.779999,65.709999,66.234879,66.330002,1408300
2016-06-22,66.239998,67.230003,65.760002,65.867630,65.879997,1836100
2016-06-23,67.459999,68.500000,67.019997,68.477142,68.489998,2366200
2016-06-24,61.410000,64.680000,60.630001,61.038536,61.049999,5957400
2016-06-27,59.630001,59.630001,57.000000,57.739159,57.750000,4267100
2016-06-28,59.490002,60.930000,59.139999,60.868572,60.880001,4038800
2016-06-29,62.380001,64.260002,62.299999,64.057968,64.070000,3750500
2016-06-30,64.500000,66.699997,63.919998,66.547501,66.559998,4361300
2016-07-01,66.519997,67.610001,66.510002,67.017410,67.029999,2670500
2016-07-05,66.129997,66.239998,64.949997,65.657669,65.669998,2615000
2016-07-06,65.050003,66.930000,64.330002,66.757462,66.769997,3090200
2016-07-07,67.010002,67.730003,65.820000,66.617485,66.629997,3045500
2016-07-08,68.110001,69.900002,67.870003,69.566940,69.580002,3086400
2016-07-11,70.180000,71.019997,69.930000,70.316795,70.330002,2632000
2016-07-12,71.489998,72.239998,71.209999,71.856506,71.870003,2276000
2016-07-13,72.389999,72.410004,71.290001,71.866501,71.879997,2139700
2016-07-14,73.349998,73.610001,72.589996,72.976295,72.989998,2739800
2016-07-15,73.699997,73.739998,72.239998,72.756332,72.769997,2060400
2016-07-18,72.930000,73.540001,72.610001,73.346230,73.360001,1270100
2016-07-19,72.820000,73.160004,72.559998,73.086273,73.099998,1933100
2016-07-20,73.680000,74.300003,73.160004,74.026100,74.040001,1402200
2016-07-21,73.860001,74.150002,72.650002,73.166260,73.180000,1919700
2016-07-22,73.339996,74.209999,73.010002,74.156075,74.169998,1629900
2016-07-25,73.919998,73.959999,72.849998,73.596184,73.610001,2013000
2016-07-26,73.449997,74.070000,72.660004,73.626175,73.639999,1766000
2016-07-27,74.120003,74.169998,72.510002,73.446205,73.459999,2187300
2016-07-28,73.180000,74.000000,72.639999,73.686157,73.699997,1757000
2016-07-29,73.389999,74.430000,73.019997,73.956116,73.970001,1851400
2016-08-01,74.080002,74.540001,73.269997,73.776146,73.790001,2075000
2016-08-02,73.489998,73.699997,71.389999,72.356415,72.370003,3468800
2016-08-03,72.260002,73.080002,71.959999,73.006287,73.019997,2366800
2016-08-04,73.150002,73.610001,72.660004,73.266243,73.279999,1316900
2016-08-05,74.059998,75.080002,73.910004,75.055908,75.070000,1731800
2016-08-08,75.300003,75.400002,74.589996,74.905930,74.919998,1147400
2016-08-09,75.010002,75.620003,74.629997,74.985916,75.000000,1541000
2016-08-10,75.160004,75.239998,74.040001,74.446022,74.459999,1466800
2016-08-11,75.120003,75.800003,74.779999,75.515816,75.529999,1712700
2016-08-12,75.089996,75.559998,74.820000,75.295860,75.309998,1447100
2016-08-15,75.730003,76.360001,75.720001,75.995728,76.010002,1566200
2016-08-16,75.400002,75.489998,74.760002,74.745964,74.760002,1641600
2016-08-17,74.790001,75.330002,73.790001,75.145889,75.160004,2660500
2016-08-18,75.160004,75.730003,75.010002,75.675789,75.690002,1399500
2016-08-19,75.089996,75.559998,74.510002,75.325851,75.339996,1459800
2016-08-22,75.059998,75.589996,74.599998,75.305855,75.320000,1655800
2016-08-23,76.059998,76.430000,75.699997,75.735779,75.750000,1840400
2016-08-24,75.580002,75.709999,74.099998,74.665977,74.680000,2695100
2016-08-25,74.129997,74.940002,73.940002,74.356041,74.370003,2627200
2016-08-26,74.660004,75.879997,72.959999,74.006096,74.019997,3683700
2016-08-29,74.160004,75.410004,74.139999,75.065903,75.080002,1307200
2016-08-30,74.989998,75.339996,74.070000,74.665977,74.680000,2241700
2016-08-31,74.330002,74.449997,73.160004,74.036102,74.050003,2687800
2016-09-01,74.110001,74.430000,72.690002,74.096085,74.110001,2218900
2016-09-02,75.059998,75.599998,74.400002,75.045906,75.059998,2509900
2016-09-06,75.400002,75.809998,74.559998,75.765770,75.779999,2661800
2016-09-07,75.559998,75.949997,75.000000,75.745781,75.760002,2455700
2016-09-08,75.330002,75.650002,74.839996,75.175888,75.190002,2002300
2016-09-09,73.699997,73.699997,69.769997,69.816895,69.830002,5210100
2016-09-12,68.889999,73.250000,68.800003,72.726341,72.739998,4400100
2016-09-13,71.260002,71.550003,68.900002,69.576927,69.589996,4921900
2016-09-14,69.650002,71.050003,68.910004,69.476952,69.489998,3429800
2016-09-15,69.339996,72.050003,69.139999,71.586555,71.599998,2984600
2016-09-16,70.889999,71.099998,69.970001,70.776711,70.790001,2673600
2016-09-19,71.529999,72.290001,70.449997,70.756706,70.769997,2034900
2016-09-20,71.820000,71.989998,70.800003,70.846695,70.860001,1708200
2016-09-21,71.599998,73.389999,70.830002,73.199997,73.199997,3517800
2016-09-22,74.370003,74.910004,74.089996,74.519997,74.519997,3102100
2016-09-23,74.080002,74.250000,73.230003,73.360001,73.360001,1479100
2016-09-26,72.339996,72.550003,71.320000,71.550003,71.550003,2916100
2016-09-27,71.360001,72.980003,70.900002,72.900002,72.900002,1774700
2016-09-28,73.120003,74.120003,72.000000,73.949997,73.949997,1819000
2016-09-29,73.699997,74.169998,71.300003,71.949997,71.949997,3124500
2016-09-30,72.930000,74.360001,72.610001,73.639999,73.639999,2102500
2016-10-03,73.019997,73.269997,72.269997,72.940002,72.940002,2317900
2016-10-04,73.190002,73.400002,71.209999,71.930000,71.930000,3087900
2016-10-05,72.580002,73.320000,72.540001,72.879997,72.879997,2264300
2016-10-06,72.559998,73.220001,71.919998,73.000000,73.000000,1424000
2016-10-07,73.290001,73.500000,71.349998,72.209999,72.209999,2930500
2016-10-10,73.320000,73.879997,73.160004,73.300003,73.300003,1604200
2016-10-11,72.809998,72.910004,69.709999,70.629997,70.629997,4520700
2016-10-12,70.730003,71.449997,70.139999,70.889999,70.889999,2469600
2016-10-13,69.320000,70.720001,68.339996,70.169998,70.169998,3034900
2016-10-14,71.330002,71.790001,70.160004,70.239998,70.239998,3427700
2016-10-17,70.209999,70.500000,69.290001,69.559998,69.559998,2247700
2016-10-18,71.320000,71.349998,70.360001,70.750000,70.750000,1734200
2016-10-19,71.059998,71.699997,70.680000,71.339996,71.339996,1547000
2016-10-20,70.940002,71.589996,70.180000,70.949997,70.949997,2285100
2016-10-21,70.029999,71.139999,69.849998,70.989998,70.989998,1699300
2016-10-24,72.000000,72.360001,71.550003,71.889999,71.889999,1717300
2016-10-25,71.750000,72.019997,71.029999,71.279999,71.279999,2385100
2016-10-26,70.279999,71.440002,69.980003,70.830002,70.830002,2135100
2016-10-27,71.620003,71.629997,70.129997,70.230003,70.230003,2313600
2016-10-28,70.139999,70.949997,68.790001,69.550003,69.550003,3703300
2016-10-31,69.940002,70.199997,69.389999,69.500000,69.500000,1599700
2016-11-01,69.930000,69.989998,66.690002,68.099998,68.099998,3205300
2016-11-02,67.699997,68.129997,66.330002,66.800003,66.800003,2444700
2016-11-03,67.059998,67.279999,65.599998,65.910004,65.910004,2373200
2016-11-04,66.000000,66.940002,65.510002,65.599998,65.599998,2731200
2016-11-07,68.430000,70.040001,68.269997,69.919998,69.919998,2887800
2016-11-08,69.540001,71.599998,69.250000,70.870003,70.870003,2847700
2016-11-09,69.129997,73.900002,69.099998,73.279999,73.279999,5986100
2016-11-10,74.180000,75.150002,72.019997,73.730003,73.730003,4905400
2016-11-11,72.940002,73.510002,72.110001,73.239998,73.239998,3056300
2016-11-14,73.849998,74.089996,72.529999,73.379997,73.379997,2309600
2016-11-15,73.870003,75.089996,73.599998,75.089996,75.089996,2325000
2016-11-16,74.349998,74.949997,74.220001,74.709999,74.709999,1733300
2016-11-17,74.839996,75.889999,74.730003,75.800003,75.800003,1911100
2016-11-18,75.889999,76.099998,75.089996,75.300003,75.300003,1918900
2016-11-21,76.000000,77.040001,75.849998,76.989998,76.989998,2311400
2016-11-22,77.419998,77.680000,76.570000,77.440002,77.440002,1939900
2016-11-23,76.820000,77.639999,76.580002,77.580002,77.580002,1672600
2016-11-25,78.000000,78.470001,77.900002,78.470001,78.470001,701600
2016-11-28,78.050003,78.389999,77.199997,77.360001,77.360001,1695000
2016-11-29,77.379997,78.330002,76.989998,77.800003,77.800003,1434900
2016-11-30,78.550003,78.750000,77.129997,77.180000,77.180000,2224000
2016-12-01,77.540001,77.559998,75.900002,76.290001,76.290001,2133800
2016-12-02,76.440002,77.040001,76.019997,76.430000,76.430000,1513200
2016-12-05,77.449997,78.239998,77.230003,77.720001,77.720001,2044700
2016-12-06,78.059998,78.599998,77.470001,78.580002,78.580002,1804400
2016-12-07,78.379997,81.709999,78.209999,81.580002,81.580002,3096200
2016-12-08,81.589996,82.830002,81.269997,82.199997,82.199997,2029300
2016-12-09,82.540001,83.709999,82.480003,83.669998,83.669998,2169800
2016-12-12,83.620003,84.220001,82.900002,83.440002,83.440002,1883800
2016-12-13,84.269997,85.730003,84.250000,85.029999,85.029999,2477300
2016-12-14,84.690002,85.650002,82.410004,83.089996,83.089996,3531400
2016-12-15,83.320000,85.099998,83.129997,83.940002,83.940002,2455000
2016-12-16,84.620003,84.639999,83.110001,83.580002,83.580002,2370000
2016-12-19,83.800003,84.589996,83.559998,84.040001,84.040001,1655900
2016-12-20,84.720001,85.209999,84.449997,84.930000,84.930000,1924100
2016-12-21,84.860001,85.059998,84.300003,84.300003,84.300003,1191500
2016-12-22,84.089996,84.239998,83.349998,83.900002,83.900002,1665300
2016-12-23,83.839996,84.190002,83.660004,84.150002,84.150002,1039000
2016-12-27,84.540001,85.300003,84.529999,84.790001,84.790001,1038200
2016-12-28,85.080002,85.139999,82.559998,82.769997,82.769997,1841800
2016-12-29,82.800003,83.220001,82.080002,82.629997,82.629997,1530700
2016-12-30,83.050003,83.150002,80.860001,81.779999,81.779999,2968500
2017-01-03,83.379997,84.209999,82.099998,83.550003,83.550003,2399100
2017-01-04,83.949997,85.220001,83.949997,85.040001,85.040001,2093700
2017-01-05,84.690002,85.040001,83.809998,84.779999,84.779999,2154900
2017-01-06,84.989998,86.339996,84.269997,85.739998,85.739998,1961700
2017-01-09,85.370003,85.570000,84.830002,84.930000,84.930000,1891900
2017-01-10,84.919998,85.970001,84.360001,84.790001,84.790001,1569000
2017-01-11,84.690002,85.510002,83.870003,85.480003,85.480003,3242100
2017-01-12,84.879997,85.160004,83.139999,84.919998,84.919998,2953100
2017-01-13,85.150002,85.879997,85.080002,85.449997,85.449997,1324300
2017-01-17,84.610001,85.180000,84.089996,84.660004,84.660004,1864500
2017-01-18,84.900002,85.160004,84.199997,85.099998,85.099998,1343700
2017-01-19,85.199997,85.419998,83.620003,84.209999,84.209999,2046200
2017-01-20,85.070000,85.730003,84.339996,85.080002,85.080002,2383300
2017-01-23,84.629997,85.139999,83.440002,84.419998,84.419998,2018500
2017-01-24,84.690002,86.580002,84.550003,86.029999,86.029999,1717900
2017-01-25,87.279999,88.260002,87.029999,88.120003,88.120003,2463800
2017-01-26,88.059998,88.430000,87.620003,87.919998,87.919998,1789400
2017-01-27,88.089996,88.260002,87.320000,87.610001,87.610001,1397500
2017-01-30,86.610001,86.660004,84.610001,86.029999,86.029999,2323000
2017-01-31,85.239998,85.980003,84.519997,85.980003,85.980003,1824700
2017-02-01,86.699997,87.070000,85.220001,86.029999,86.029999,1898700
2017-02-02,85.529999,86.500000,85.080002,86.150002,86.150002,1454200
2017-02-03,87.300003,88.120003,86.919998,87.879997,87.879997,2611100
2017-02-06,87.370003,87.860001,86.980003,87.510002,87.510002,1322200
2017-02-07,87.970001,88.230003,87.160004,87.449997,87.449997,1825400
2017-02-08,87.050003,87.919998,86.690002,87.800003,87.800003,1296000
2017-02-09,88.129997,89.709999,88.070000,89.300003,89.300003,1763200
2017-02-10,89.809998,90.660004,89.660004,90.349998,90.349998,1326200
2017-02-13,91.019997,92.180000,91.000000,91.730003,91.730003,1352300
2017-02-14,91.580002,92.940002,91.110001,92.910004,92.910004,1603700
2017-02-15,92.589996,94.610001,92.550003,94.300003,94.300003,1722300
2017-02-16,94.389999,94.629997,93.089996,94.120003,94.120003,1814700
2017-02-17,93.169998,94.510002,93.169998,94.489998,94.489998,1238400
2017-02-21,95.080002,96.449997,95.059998,96.120003,96.120003,1757200
2017-02-22,95.669998,96.279999,95.430000,95.949997,95.949997,1701700
2017-02-23,96.730003,96.730003,95.089996,96.190002,96.190002,1646300
2017-02-24,94.919998,96.550003,94.889999,96.510002,96.510002,1302400
2017-02-27,96.410004,97.169998,96.029999,96.940002,96.940002,1468700
2017-02-28,96.400002,96.739998,95.599998,96.220001,96.220001,1298400
2017-03-01,98.489998,100.820000,98.470001,100.099998,100.099998,1879600
2017-03-02,99.910004,99.930000,98.220001,98.400002,98.400002,1644500
2017-03-03,98.180000,98.680000,97.620003,98.489998,98.489998,1413900
2017-03-06,97.230003,98.059998,96.699997,97.629997,97.629997,1373800
2017-03-07,97.120003,97.629997,96.400002,96.760002,96.760002,1256800
2017-03-08,97.089996,97.430000,95.940002,96.129997,96.129997,1418100
2017-03-09,96.260002,96.930000,95.129997,96.470001,96.470001,1490700
2017-03-10,97.849998,97.900002,96.160004,97.419998,97.419998,1734100
2017-03-13,97.400002,97.660004,96.919998,97.570000,97.570000,899500
2017-03-14,96.839996,96.919998,95.620003,96.570000,96.570000,1799600
2017-03-15,97.290001,99.550003,96.949997,98.860001,98.860001,1590000
2017-03-16,99.160004,99.279999,97.930000,98.470001,98.470001,1515600
2017-03-17,98.800003,99.010002,97.820000,97.820000,97.820000,1151600
2017-03-20,97.820000,98.230003,96.959999,97.540001,97.540001,1067500
2017-03-21,98.379997,98.550003,93.599998,93.830002,93.830002,3087500
2017-03-22,93.779999,94.800003,92.919998,94.400002,94.400002,1690400
2017-03-23,94.050003,95.660004,93.580002,94.080002,94.080002,1562600
2017-03-24,94.500000,95.320000,92.820000,93.889999,93.889999,1766500
2017-03-27,91.480003,93.940002,91.150002,93.550003,93.550003,1657800
2017-03-28,93.180000,96.220001,93.000000,95.500000,95.500000,1715900
2017-03-29,95.190002,96.180000,94.879997,95.940002,95.940002,1228600
2017-03-30,95.820000,97.059998,95.529999,96.690002,96.690002,1313300
2017-03-31,96.250000,97.019997,96.010002,96.010002,96.010002,1302300
2017-04-03,96.169998,96.449997,93.839996,95.639999,95.639999,2027300
2017-04-04,95.150002,95.860001,94.639999,95.800003,95.800003,1130400
2017-04-05,96.680000,98.050003,94.599998,94.830002,94.830002,2734800
2017-04-06,95.120003,96.349998,94.470001,95.610001,95.610001,1270000
2017-04-07,95.349998,96.320000,94.669998,95.330002,95.330002,1358500
2017-04-10,95.540001,96.620003,94.800003,95.480003,95.480003,1661200
2017-04-11,94.949997,95.300003,93.070000,95.139999,95.139999,2042600
2017-04-12,94.769997,95.000000,93.559998,93.940002,93.940002,1391900
2017-04-13,93.430000,94.430000,92.099998,92.150002,92.150002,2036400
2017-04-17,92.760002,94.480003,92.489998,94.480003,94.480003,1130700
2017-04-18,93.480003,94.320000,92.680000,93.580002,93.580002,1462300
2017-04-19,94.440002,94.919998,92.790001,93.099998,93.099998,1483400
2017-04-20,93.919998,95.949997,93.500000,95.269997,95.269997,1946700
2017-04-21,95.199997,95.290001,93.870003,94.470001,94.470001,1480000
2017-04-24,97.570000,97.820000,96.860001,97.470001,97.470001,1884800
2017-04-25,98.410004,99.709999,98.300003,99.180000,99.180000,1919200
2017-04-26,99.160004,100.419998,98.959999,99.040001,99.040001,1698100
2017-04-27,99.519997,99.680000,98.480003,99.279999,99.279999,1313000
2017-04-28,99.610001,99.650002,98.410004,98.669998,98.669998,1208800
2017-05-01,99.269997,99.919998,98.739998,99.290001,99.290001,1287500
2017-05-02,99.559998,99.680000,98.860001,99.459999,99.459999,1353700
2017-05-03,98.839996,99.349998,98.089996,99.139999,99.139999,1674400
2017-05-04,99.480003,99.580002,98.180000,99.330002,99.330002,1702200
2017-05-05,99.870003,100.580002,99.290001,100.580002,100.580002,1691800
2017-05-08,100.570000,100.800003,99.879997,100.519997,100.519997,1203800
2017-05-09,100.839996,101.120003,99.699997,100.250000,100.250000,1338000
2017-05-10,100.080002,100.709999,99.809998,100.709999,100.709999,992700
2017-05-11,100.040001,100.309998,98.519997,100.160004,100.160004,1786800
2017-05-12,99.720001,99.849998,99.209999,99.660004,99.660004,1090000
2017-05-15,100.150002,101.360001,100.150002,101.139999,101.139999,1600400
2017-05-16,101.639999,101.660004,100.360001,100.919998,100.919998,1397500
2017-05-17,98.410004,99.070000,95.440002,95.610001,95.610001,3385200
2017-05-18,95.360001,97.809998,95.059998,96.599998,96.599998,2103200
2017-05-19,97.370003,99.459999,97.279999,98.480003,98.480003,1854400
2017-05-22,99.199997,100.250000,99.150002,100.059998,100.059998,1089200
2017-05-23,100.550003,100.919998,100.019997,100.690002,100.690002,1083100
2017-05-24,101.019997,101.500000,100.510002,101.260002,101.260002,1329400
2017-05-25,101.989998,103.209999,101.779999,102.690002,102.690002,1611200
2017-05-26,102.470001,102.959999,102.410004,102.739998,102.739998,811800
2017-05-30,102.260002,102.800003,102.019997,102.489998,102.489998,867400
2017-05-31,102.870003,102.930000,101.320000,102.320000,102.320000,1589100
2017-06-01,102.930000,104.750000,102.589996,104.709999,104.709999,1294200
2017-06-02,104.839996,106.040001,104.410004,105.720001,105.720001,1292200
2017-06-05,105.559998,105.959999,105.279999,105.580002,105.580002,959800
2017-06-06,104.699997,105.519997,104.440002,104.629997,104.629997,1150700
2017-06-07,105.070000,105.419998,104.050003,105.099998,105.099998,1191200
2017-06-08,105.199997,105.959999,104.459999,105.230003,105.230003,1610400
2017-06-09,105.680000,106.839996,102.889999,104.790001,104.790001,2723900
2017-06-12,104.349998,104.769997,103.449997,104.650002,104.650002,1989800
2017-06-13,105.489998,106.279999,104.980003,106.160004,106.160004,1310100
2017-06-14,106.610001,106.610001,104.500000,105.790001,105.790001,2215500
2017-06-15,103.769997,105.330002,103.300003,105.120003,105.120003,1512500
2017-06-16,105.389999,105.389999,103.889999,105.120003,105.120003,1251300
2017-06-19,106.430000,107.900002,106.290001,107.779999,107.779999,1413700
2017-06-20,107.250000,107.290001,105.620003,105.720001,105.720001,1475700
2017-06-21,106.099998,106.330002,104.860001,105.500000,105.500000,1531800
2017-06-22,105.529999,106.260002,105.129997,105.379997,105.379997,1152400
2017-06-23,105.540001,106.230003,104.889999,105.830002,105.830002,951000
2017-06-26,106.730003,107.349998,105.620003,105.919998,105.919998,1266100
2017-06-27,105.550003,106.019997,103.370003,103.459999,103.459999,1838300
2017-06-28,104.860001,106.389999,104.500000,106.059998,106.059998,1292500
2017-06-29,106.320000,106.379997,101.489998,103.379997,103.379997,3175900
2017-06-30,104.489998,105.019997,103.580002,103.870003,103.870003,1662200
2017-07-03,105.269997,105.879997,104.379997,104.379997,104.379997,1254000
2017-07-05,104.889999,105.370003,103.690002,105.059998,105.059998,1200900
2017-07-06,103.930000,104.099998,101.910004,102.260002,102.260002,1780500
2017-07-07,103.029999,104.360001,102.769997,104.139999,104.139999,1246200
2017-07-10,103.959999,105.019997,103.709999,104.430000,104.430000,789500
2017-07-11,104.190002,104.690002,102.480003,104.190002,104.190002,1168500
2017-07-12,105.629997,106.769997,105.620003,106.540001,106.540001,1308400
2017-07-13,106.570000,107.220001,106.209999,107.040001,107.040001,1125000
